iteration,_is_super,_lambda,_scale_factor,pp_001,pp_002,pp_003,pp_004,pp_005,pp_006,pp_007,pp_008,pp_009,pp_010,pp_011,pp_012,pp_013,pp_014,pp_015,pp_016,pp_017,pp_018,pp_019,pp_020,pp_021,pp_022,pp_023,pp_024,pp_025,pp_026,pp_027,pp_028,pp_029,pp_030,pp_031,pp_032,pp_033,pp_034,pp_035,pp_036,pp_037,pp_038,pp_039,pp_040,pp_041,pp_042,pp_043,pp_044,pp_045,pp_046,pp_047,pp_048,pp_049,pp_050,pp_051,pp_052,pp_053,pp_054,pp_055,pp_056,pp_057,pp_058,pp_059,pp_060,pp_061,pp_062,pp_063,pp_064,pp_065,pp_066,pp_067,pp_068,pp_069,pp_070,pp_071,pp_072,pp_073,pp_074,pp_075,pp_076,pp_077,pp_078,pp_079,pp_080,pp_081,pp_082,pp_083,pp_084,pp_085,pp_086,pp_087,pp_088,pp_089,pp_090,pp_091,pp_092,pp_093,pp_094,pp_095,pp_096,pp_097,pp_098,pp_099,pp_100,pp_101,pp_102,pp_103,pp_104
0,1,0.1,1,2.70498,2.16998,1.65796,1.17136,1.18272,1.42198,1.53559,1.5741,1.94262,1.41792,1.51998,1.63935,1.49207,1.34183,1.28693,1.39642,1.94098,1.58038,1.58117,1.60461,1.51425,1.37341,1.31215,1.38509,1.97927,2.00015,1.61433,1.30644,1.33918,1.41219,1.35055,1.38266,1.24522,1.06758,1.48931,1.92842,1.80893,1.49469,1.34198,1.34198,0.986455,1.01984,1.48164,2.21674,2.10025,1.49808,1.22762,1.27246,0.878003,1.03629,1.40242,2.80445,2.38265,1.32495,0.982171,1.24957,0.713923,0.855957,0.947377,0.778766,1.02997,1.4983,1.75013,1.50267,0.558131,0.620304,0.78467,0.879535,1.08056,1.43021,1.62311,1.54047,0.496478,0.382176,0.80286,1.77745,1.65207,1.25448,1.2827,1.35009,1.21755,1.6861,0.949868,0.55878,0.68801,0.999491,1.10439,1.18358,1.52868,1.62789,1.01088,0.610772,0.649046,0.889979,1.0114,1.07765,1.20275,1.10779,0.999148,0.891844,0.886868,0.945806,0.993185,1.02471
0,1,1,1,2.67569,2.14983,1.66138,1.1906,1.19826,1.42256,1.52543,1.56839,1.93876,1.4216,1.51915,1.63024,1.48868,1.34541,1.29378,1.39929,1.9396,1.58144,1.57864,1.59741,1.51033,1.37687,1.31902,1.39102,1.97423,1.99011,1.60912,1.31036,1.34172,1.41261,1.35384,1.38833,1.24723,1.06689,1.4777,1.89655,1.78629,1.49007,1.34499,1.3483,0.992087,1.01914,1.46432,2.15991,2.05612,1.49276,1.23632,1.28033,0.888582,1.03875,1.38873,2.69686,2.31185,1.3262,1.00179,1.25431,0.730251,0.866221,0.95388,0.790236,1.03182,1.47287,1.70185,1.48114,0.578126,0.638137,0.796127,0.884354,1.07501,1.40259,1.57987,1.50872,0.517112,0.40352,0.813277,1.72324,1.60771,1.23926,1.26592,1.32991,1.20572,1.63889,0.952727,0.576692,0.702062,0.999624,1.09875,1.17351,1.49406,1.58489,1.01018,0.627255,0.664402,0.895685,1.01094,1.07359,1.19081,1.10159,0.999158,0.89737,0.892669,0.948704,0.993607,1.02347
0,1,10,1,2.46714,2.0133,1.67923,1.32494,1.31006,1.43804,1.4775,1.54383,1.89095,1.43573,1.50873,1.57245,1.4696,1.3701,1.33695,1.41953,1.90045,1.56937,1.55564,1.55653,1.49113,1.39937,1.36052,1.42711,1.91,1.88517,1.56939,1.35214,1.37016,1.41498,1.37178,1.42055,1.26797,1.07723,1.40708,1.68753,1.63442,1.4548,1.35832,1.38242,1.04196,1.02876,1.36325,1.81733,1.78029,1.4491,1.28358,1.32327,0.966227,1.05993,1.30874,2.10839,1.90724,1.32533,1.12318,1.27837,0.845295,0.935805,0.99776,0.8669,1.04432,1.32645,1.43591,1.35494,0.721409,0.761959,0.87387,0.919896,1.0466,1.24858,1.34286,1.32986,0.666378,0.564456,0.883518,1.43567,1.36837,1.15298,1.17003,1.21457,1.13906,1.37982,0.971634,0.698629,0.794167,1.00143,1.06602,1.11494,1.3006,1.34633,1.00575,0.736814,0.765402,0.931359,1.00855,1.04977,1.12095,1.06459,0.999117,0.931539,0.928621,0.966533,0.996312,1.01618
0,1,20,1,2.33354,1.92992,1.68268,1.40552,1.38048,1.4572,1.46781,1.54101,1.8438,1.43371,1.49629,1.53791,1.45816,1.38193,1.35601,1.42991,1.85269,1.54568,1.53443,1.53329,1.48047,1.4075,1.37663,1.44167,1.84862,1.79662,1.53959,1.38286,1.39039,1.4126,1.37617,1.43173,1.28471,1.09387,1.36995,1.5709,1.54606,1.4292,1.35902,1.3937,1.0811,1.04522,1.31446,1.64501,1.63437,1.41715,1.30151,1.33936,1.01849,1.07662,1.27046,1.84485,1.71479,1.31774,1.18452,1.28595,0.919162,0.978638,1.0253,0.913745,1.05342,1.25751,1.31719,1.29341,0.814857,0.839571,0.922202,0.945564,1.03812,1.17988,1.23834,1.24786,0.764459,0.675256,0.926842,1.31545,1.2659,1.11406,1.12572,1.16099,1.10872,1.26298,0.982982,0.77133,0.84682,1.00384,1.05094,1.08736,1.21122,1.23675,1.00318,0.799764,0.822829,0.95071,1.008,1.03856,1.08664,1.04586,0.998923,0.949464,0.947599,0.975947,0.997939,1.01279
0,1,40,1,2.18064,1.83594,1.67378,1.48256,1.45134,1.48246,1.47192,1.54454,1.77567,1.41963,1.47374,1.49635,1.44068,1.38644,1.36437,1.4345,1.78051,1.50517,1.50131,1.50216,1.46234,1.40502,1.37996,1.44517,1.76524,1.6857,1.49925,1.40922,1.40513,1.4018,1.37114,1.43172,1.30326,1.11788,1.3336,1.4581,1.45648,1.39654,1.35095,1.39428,1.12902,1.07045,1.272,1.4899,1.49752,1.37861,1.30959,1.34569,1.07851,1.09777,1.23801,1.62201,1.54504,1.30381,1.23548,1.28707,1.00158,1.02548,1.05671,0.965515,1.06619,1.1995,1.21984,1.23925,0.91968,0.924358,0.976102,0.978597,1.03801,1.12556,1.15429,1.17986,0.874526,0.803023,0.974936,1.22359,1.18618,1.08375,1.08973,1.11677,1.08397,1.16371,0.995259,0.845351,0.899467,1.00826,1.03937,1.06484,1.13405,1.14195,1.00028,0.861597,0.879137,0.96965,1.0086,1.02969,1.05579,1.02858,0.998471,0.966069,0.965362,0.984913,0.999814,1.01024
0,1,100,1,1.96786,1.70215,1.62488,1.53145,1.50139,1.49648,1.47584,1.53587,1.66047,1.37834,1.42351,1.42976,1.40014,1.36766,1.34628,1.41661,1.65924,1.43146,1.43801,1.44266,1.41733,1.37487,1.35436,1.41984,1.63825,1.5355,1.4315,1.4087,1.39426,1.3676,1.34311,1.40435,1.31628,1.14777,1.29117,1.34408,1.35823,1.34596,1.32286,1.37049,1.18593,1.10595,1.23319,1.34657,1.36346,1.32523,1.29778,1.33105,1.1486,1.12432,1.20986,1.42504,1.3874,1.27686,1.26505,1.27414,1.09697,1.07905,1.09482,1.02727,1.08547,1.15196,1.142,1.19005,1.04196,1.02115,1.04059,1.02532,1.05101,1.08724,1.09063,1.12537,1.00274,0.955386,1.03233,1.15928,1.12914,1.06391,1.06334,1.08264,1.0646,1.07741,1.00938,0.92113,0.953317,1.01633,1.0326,1.04847,1.0659,1.05752,0.996589,0.921732,0.934309,0.989022,1.01116,1.02401,1.02746,1.01219,0.997549,0.981389,0.982085,0.993734,1.00224,1.0089
0,1,1000,1,1.38071,1.29132,1.28683,1.28281,1.27324,1.26283,1.25416,1.27437,1.27996,1.17622,1.1946,1.19272,1.18901,1.18147,1.17,1.2081,1.27816,1.18825,1.19648,1.20044,1.19445,1.17946,1.17088,1.20509,1.26951,1.20797,1.19357,1.20554,1.19622,1.17711,1.16754,1.19806,1.18477,1.10705,1.14549,1.14672,1.15644,1.16384,1.15951,1.18449,1.14538,1.09068,1.123,1.14171,1.15005,1.15466,1.15396,1.17015,1.13255,1.09382,1.11564,1.1635,1.15502,1.14137,1.153,1.14474,1.11773,1.0821,1.08423,1.05896,1.06916,1.07579,1.05905,1.09276,1.10189,1.07312,1.06864,1.05373,1.05076,1.04624,1.03683,1.05791,1.08168,1.06942,1.0589,1.08281,1.06546,1.03791,1.0331,1.04092,1.03364,1.00856,1.0151,0.990515,1.00013,1.01809,1.02103,1.02666,1.00925,0.995353,0.995032,0.979872,0.986206,1.0041,1.01028,1.01484,1.00339,0.999268,0.9975,0.995425,0.996868,1.00079,1.00328,1.00597
1,1,0.1,1,4.7516,3.37377,2.00504,1.05194,1.05205,1.45931,1.68835,1.70374,2.67433,1.58893,1.77028,1.98649,1.66432,1.37335,1.27799,1.4329,2.66992,1.93605,1.87144,1.85902,1.66012,1.40827,1.30855,1.40028,2.82672,3.05764,1.92336,1.24267,1.29574,1.46213,1.37838,1.40131,1.22475,0.920008,1.6158,2.4883,2.19916,1.60635,1.37511,1.35298,0.867816,0.879517,1.56932,2.86758,2.63818,1.60967,1.21314,1.26354,0.824341,1.01486,1.49879,3.55045,2.8954,1.34597,0.883634,1.24808,0.703642,0.857907,0.951032,0.733933,1.02726,1.6683,2.10442,1.66882,0.572529,0.638617,0.773168,0.808875,1.04267,1.57329,1.921,1.77259,0.520226,0.416662,0.805065,1.6876,1.62387,1.32098,1.39717,1.50093,1.15995,1.55708,0.931903,0.573483,0.712403,1.03996,1.16497,1.27052,1.432,1.51817,0.988233,0.624636,0.671112,0.916455,1.04404,1.12312,1.16829,1.08859,0.991033,0.895295,0.895956,0.956802,1.00522,1.0423
1,1,0.5,1,4.67357,3.33085,2.0073,1.0713,1.06904,1.46364,1.68072,1.70153,2.65685,1.59026,1.76825,1.9767,1.66342,1.38008,1.28741,1.43865,2.6525,1.92972,1.86742,1.85511,1.66128,1.41567,1.31801,1.40856,2.80066,3.01583,1.91814,1.25501,1.30633,1.46709,1.38381,1.40811,1.23059,0.92796,1.61328,2.45966,2.18218,1.60592,1.37831,1.35819,0.875086,0.886264,1.56628,2.8321,2.61075,1.60707,1.21663,1.26788,0.828551,1.017,1.49558,3.51492,2.87214,1.34667,0.889352,1.25097,0.705696,0.858979,0.951891,0.736442,1.02815,1.66189,2.08955,1.66369,0.573268,0.638945,0.774657,0.812521,1.045,1.56777,1.90822,1.76354,0.520358,0.416158,0.805947,1.6922,1.62576,1.31873,1.39277,1.49511,1.16254,1.56126,0.932901,0.573197,0.711738,1.03863,1.16277,1.26725,1.43521,1.52139,0.989032,0.624236,0.67041,0.91558,1.04289,1.12145,1.16945,1.0892,0.991316,0.895216,0.895677,0.956438,1.00481,1.04167
1,1,1,1,4.58791,3.28359,2.00938,1.09274,1.08798,1.4688,1.6732,1.69972,2.63711,1.59149,1.76586,1.96604,1.66249,1.38749,1.29772,1.44511,2.63275,1.92242,1.86285,1.8509,1.66264,1.42378,1.32835,1.4177,2.77153,2.96956,1.9122,1.26878,1.31815,1.47256,1.38981,1.41567,1.23707,0.936899,1.61046,2.42824,2.1635,1.60549,1.38194,1.36407,0.883265,0.893857,1.56288,2.79305,2.58055,1.60433,1.22073,1.27287,0.833292,1.01941,1.49198,3.4751,2.84615,1.34768,0.896067,1.25435,0.70803,0.86021,0.952907,0.739374,1.02925,1.65463,2.07257,1.65783,0.574133,0.639353,0.776387,0.816718,1.04767,1.56144,1.89359,1.75317,0.520546,0.415632,0.806976,1.69735,1.62782,1.31613,1.38772,1.48843,1.16547,1.56593,0.934047,0.572916,0.711016,1.03712,1.16025,1.26351,1.4388,1.52498,0.989943,0.623819,0.669649,0.914596,1.04157,1.11954,1.17074,1.08988,0.99164,0.895138,0.895372,0.956031,1.00434,1.04095
1,1,2,1,4.44673,3.2053,2.0117,1.12833,1.11974,1.47833,1.66297,1.69832,2.60328,1.59297,1.76148,1.94868,1.66109,1.39968,1.3145,1.45607,2.59876,1.90951,1.8549,1.84412,1.66504,1.43697,1.34514,1.43282,2.72232,2.89257,1.9019,1.29186,1.33794,1.48161,1.39975,1.42832,1.24791,0.952117,1.60568,2.37671,2.13271,1.60486,1.38818,1.37413,0.897209,0.906814,1.5572,2.7287,2.53083,1.60013,1.22811,1.28167,0.841394,1.02353,1.4859,3.40784,2.80242,1.34989,0.9082,1.26043,0.712075,0.862382,0.954769,0.744633,1.03132,1.64211,2.0431,1.64764,0.575703,0.640149,0.779468,0.824087,1.05231,1.55034,1.86809,1.73511,0.520966,0.414841,0.808821,1.70602,1.63116,1.31153,1.3789,1.47679,1.17046,1.57382,0.936053,0.572536,0.709851,1.03451,1.15585,1.25698,1.44485,1.53099,0.991522,0.623194,0.668422,0.912927,1.0393,1.11621,1.17292,1.09103,0.992201,0.895036,0.894879,0.955342,1.00352,1.0397
1,1,10,1,3.91143,2.9025,2.001,1.25711,1.24056,1.52695,1.6543,1.7139,2.4585,1.58977,1.7373,1.88425,1.6553,1.44191,1.37068,1.49895,2.45283,1.84962,1.81774,1.81752,1.67264,1.48043,1.40045,1.48691,2.52439,2.59705,1.85534,1.37742,1.41132,1.51324,1.43521,1.47552,1.29025,1.01498,1.58749,2.19255,2.02106,1.60339,1.41382,1.41507,0.955468,0.961267,1.5374,2.49672,2.35173,1.58961,1.2635,1.32114,0.875952,1.04157,1.46351,3.14674,2.63437,1.36607,0.96729,1.28921,0.73036,0.872892,0.964647,0.769602,1.04243,1.58976,1.91719,1.60378,0.583961,0.645175,0.794054,0.856858,1.07224,1.50139,1.7579,1.65691,0.524455,0.413309,0.81776,1.73979,1.64226,1.29081,1.34013,1.42606,1.19121,1.60452,0.944986,0.572377,0.706041,1.0234,1.13668,1.22843,1.46842,1.55373,0.998273,0.62183,0.664426,0.90626,1.02953,1.10168,1.18138,1.0955,0.994614,0.895023,0.893223,0.952633,1.00003,1.0342
1,1,100,1,3.218,2.48711,1.88331,1.31878,1.31706,1.56371,1.67187,1.73293,2.21445,1.53998,1.66023,1.78174,1.61403,1.44669,1.38432,1.51505,2.21414,1.73395,1.72844,1.74573,1.63929,1.48066,1.41208,1.50509,2.2512,2.23914,1.75938,1.41579,1.4444,1.51506,1.44546,1.49678,1.33065,1.09244,1.56544,2.03164,1.91402,1.59002,1.42915,1.44394,1.03172,1.036,1.5306,2.30195,2.19615,1.5837,1.30489,1.36111,0.926333,1.07154,1.45142,2.88825,2.4671,1.39472,1.04797,1.32254,0.762085,0.893986,0.986295,0.809077,1.06373,1.53237,1.77197,1.54976,0.603197,0.659536,0.819827,0.903975,1.10101,1.44538,1.63075,1.56486,0.537058,0.419165,0.835475,1.78172,1.65529,1.26748,1.2949,1.36655,1.21693,1.6324,0.957792,0.576027,0.704982,1.01203,1.1148,1.1951,1.49019,1.57089,1.00581,0.622961,0.662509,0.900029,1.01873,1.08487,1.18909,1.09935,0.997269,0.895911,0.892337,0.950145,0.996232,1.02785
1,1,1000,1,2.82644,2.24359,1.72968,1.23537,1.24189,1.47434,1.57988,1.62934,2.02257,1.46087,1.5646,1.67922,1.53138,1.38175,1.3269,1.44234,2.02472,1.62955,1.62715,1.64646,1.55476,1.41429,1.35345,1.43396,2.0606,2.06002,1.65824,1.34829,1.37948,1.45079,1.38891,1.43045,1.28498,1.08476,1.51281,1.94499,1.83279,1.52869,1.3789,1.38734,1.0171,1.03459,1.49458,2.21119,2.10693,1.53008,1.26694,1.3155,0.911483,1.05751,1.41737,2.76065,2.3662,1.3575,1.02675,1.2851,0.749374,0.88238,0.972498,0.804562,1.05025,1.49692,1.72441,1.50783,0.59319,0.651037,0.811452,0.900318,1.09232,1.42045,1.59592,1.52856,0.529145,0.41288,0.827073,1.7575,1.63381,1.25221,1.27711,1.34337,1.21342,1.63659,0.956706,0.577201,0.70402,1.00539,1.1053,1.18176,1.49287,1.57775,1.00849,0.625495,0.663648,0.897652,1.01416,1.07802,1.19021,1.10056,0.998371,0.896813,0.892567,0.949341,0.994693,1.02521
2,1,0.05,1,5.16599,3.61755,2.03352,1,1.00293,1.44434,1.70299,1.70961,2.76003,1.58805,1.79195,2.0412,1.68375,1.3638,1.26096,1.42344,2.74028,1.95938,1.89793,1.89655,1.6782,1.40065,1.29291,1.38652,2.92531,3.21153,1.95283,1.22205,1.27903,1.45808,1.37104,1.39051,1.20576,0.893228,1.6217,2.56671,2.24889,1.6125,1.37108,1.34435,0.843029,0.855197,1.57063,2.95387,2.70813,1.61763,1.20565,1.2552,0.809789,1.00597,1.50272,3.62952,2.95034,1.34385,0.868685,1.24264,0.69711,0.854484,0.948786,0.729224,1.02739,1.68873,2.15034,1.68665,0.571055,0.63881,0.770671,0.801864,1.03984,1.59228,1.96088,1.80164,0.520995,0.419697,0.804348,1.67767,1.62158,1.32967,1.41171,1.51986,1.15168,1.54255,0.929434,0.575076,0.715345,1.04503,1.17251,1.28131,1.42066,1.50632,0.985581,0.626166,0.673699,0.919663,1.04803,1.12869,1.1642,1.08639,0.990074,0.895657,0.897005,0.958118,1.00667,1.04442
2,1,0.1,1,5.16286,3.61569,2.03362,1.00072,1.00354,1.44446,1.70265,1.70945,2.75966,1.58824,1.79192,2.04074,1.68363,1.364,1.26125,1.42359,2.74008,1.95942,1.89785,1.89626,1.67809,1.40084,1.2932,1.38676,2.92482,3.21055,1.95272,1.22233,1.27926,1.4582,1.37119,1.39069,1.20596,0.893444,1.62167,2.56598,2.24844,1.61247,1.37115,1.34447,0.843231,0.855378,1.57059,2.95305,2.70747,1.61754,1.2057,1.25527,0.809905,1.00604,1.50268,3.62887,2.94988,1.34384,0.868768,1.24269,0.697162,0.854509,0.948799,0.729252,1.02739,1.6886,2.15008,1.68656,0.571068,0.63881,0.770691,0.801918,1.03987,1.59217,1.96065,1.80148,0.520991,0.419675,0.804357,1.67777,1.62163,1.32962,1.41163,1.51975,1.15174,1.54265,0.929451,0.57506,0.715322,1.045,1.17247,1.28125,1.42074,1.50641,0.985597,0.62615,0.673677,0.919641,1.04801,1.12866,1.16423,1.08641,0.99008,0.895653,0.896996,0.958109,1.00666,1.04441
2,1,0.2,1,5.1568,3.61206,2.03379,1.00212,1.00473,1.44471,1.70198,1.70914,2.75894,1.5886,1.79185,2.03986,1.68339,1.36437,1.26183,1.42388,2.73968,1.95947,1.89768,1.89569,1.67787,1.40121,1.29377,1.38722,2.92386,3.20864,1.9525,1.22288,1.27972,1.45842,1.37147,1.39104,1.20635,0.893864,1.6216,2.56456,2.24758,1.61243,1.37128,1.3447,0.843625,0.855731,1.57052,2.95145,2.70619,1.61738,1.2058,1.25543,0.810132,1.00616,1.50259,3.6276,2.94898,1.34381,0.868932,1.24277,0.697264,0.854559,0.948824,0.729307,1.02738,1.68835,2.14955,1.68637,0.571093,0.638809,0.770729,0.802024,1.03993,1.59197,1.9602,1.80116,0.520981,0.419633,0.804374,1.67796,1.62171,1.32954,1.41147,1.51954,1.15186,1.54286,0.929485,0.575029,0.715278,1.04494,1.17238,1.28113,1.4209,1.50657,0.98563,0.626118,0.673634,0.919599,1.04796,1.12859,1.16428,1.08644,0.990092,0.895644,0.896979,0.958091,1.00664,1.04439
2,1,1,1,5.11562,3.58748,2.03482,1.01145,1.01277,1.44658,1.69787,1.70734,2.75381,1.59096,1.79133,2.03398,1.6819,1.3669,1.26568,1.42592,2.73669,1.95968,1.89654,1.89199,1.67652,1.40372,1.29751,1.39032,2.91707,3.19535,1.95099,1.22664,1.28283,1.45994,1.37335,1.3934,1.20901,0.896765,1.62115,2.55489,2.24173,1.61216,1.3722,1.34628,0.846344,0.858176,1.57006,2.94047,2.69742,1.6163,1.20655,1.25653,0.811703,1.00705,1.50201,3.61879,2.94277,1.34368,0.870143,1.24339,0.697971,0.854907,0.949012,0.729719,1.02734,1.68657,2.14576,1.68502,0.571271,0.638807,0.771005,0.802779,1.04035,1.5905,1.95697,1.79884,0.520924,0.419343,0.804499,1.6793,1.62229,1.32892,1.41032,1.51803,1.1527,1.54431,0.929725,0.574821,0.714974,1.04453,1.17178,1.28027,1.42203,1.50774,0.985859,0.625905,0.673335,0.919304,1.04763,1.12814,1.16469,1.08665,0.990172,0.895588,0.896863,0.957966,1.00652,1.04422
2,1,10,1,4.94743,3.48769,2.0339,1.04456,1.04279,1.45755,1.69116,1.70703,2.72787,1.59779,1.78773,2.01278,1.67709,1.37613,1.27879,1.43457,2.71827,1.95684,1.8908,1.87933,1.67255,1.41233,1.30999,1.40169,2.88414,3.13574,1.94356,1.24175,1.29546,1.46572,1.38033,1.40247,1.22005,0.909479,1.61981,2.51726,2.2191,1.61152,1.37631,1.35306,0.858268,0.86914,1.56907,2.89736,2.66332,1.61331,1.21101,1.26205,0.818748,1.01123,1.50012,3.58164,2.91735,1.34489,0.877209,1.24702,0.701269,0.856681,0.950246,0.732063,1.02765,1.67823,2.12668,1.67841,0.572217,0.638964,0.772464,0.806413,1.04227,1.58293,1.94032,1.78706,0.520808,0.418164,0.805174,1.68506,1.62443,1.32565,1.40444,1.51034,1.15658,1.55083,0.930913,0.57404,0.713674,1.0425,1.16873,1.27588,1.42713,1.51293,0.986974,0.625087,0.67209,0.917934,1.04599,1.12587,1.16653,1.08761,0.990569,0.895385,0.89637,0.957395,1.00592,1.04335
2,1,100,1,4.81306,3.40849,2.02009,1.05652,1.05591,1.46539,1.69529,1.71159,2.69701,1.5961,1.77967,1.99752,1.67198,1.37839,1.28226,1.43834,2.69208,1.94699,1.88167,1.86903,1.66789,1.4136,1.31299,1.40559,2.85043,3.08326,1.93365,1.2474,1.30037,1.46723,1.38273,1.40626,1.22769,0.919633,1.6201,2.49802,2.20741,1.6114,1.37892,1.35712,0.868101,0.87876,1.57179,2.87717,2.64728,1.61392,1.21569,1.26674,0.825132,1.01569,1.50141,3.56238,2.90468,1.34857,0.884605,1.2508,0.704696,0.858942,0.952317,0.734596,1.02873,1.67217,2.11045,1.67311,0.573632,0.639665,0.774174,0.809532,1.04385,1.57643,1.92574,1.77696,0.521254,0.41765,0.80612,1.68971,1.62597,1.32282,1.39935,1.50374,1.15996,1.55586,0.932031,0.573607,0.712762,1.04085,1.16615,1.27213,1.4311,1.51676,0.987891,0.624572,0.671213,0.916859,1.04463,1.12395,1.16795,1.08834,0.990895,0.895266,0.896017,0.956951,1.00543,1.04262
2,1,1000,1,4.76508,3.38116,2.00886,1.05354,1.05357,1.46151,1.69087,1.70656,2.68007,1.59104,1.77283,1.98943,1.66657,1.37502,1.27946,1.43484,2.67578,1.93901,1.87426,1.86181,1.66244,1.41003,1.3101,1.40221,2.83298,3.06345,1.92624,1.24427,1.29736,1.46392,1.37998,1.4032,1.22636,0.920563,1.61755,2.49142,2.2019,1.60823,1.37665,1.35471,0.868685,0.879981,1.57074,2.87086,2.64129,1.61146,1.21443,1.26505,0.825245,1.01565,1.50018,3.55438,2.89858,1.34734,0.884512,1.24942,0.704473,0.858639,0.951887,0.734549,1.02813,1.66967,2.106,1.67031,0.573235,0.639242,0.773872,0.809553,1.04347,1.57436,1.92218,1.77386,0.520818,0.417156,0.805724,1.68913,1.62511,1.3217,1.39785,1.50177,1.16024,1.55685,0.932077,0.57353,0.712529,1.04028,1.16535,1.27101,1.43185,1.51774,0.988135,0.624572,0.671102,0.916578,1.04422,1.12337,1.16823,1.08852,0.990989,0.895274,0.895962,0.956843,1.00529,1.0424
3,1,0.1,1,5.17556,3.62267,2.03308,0.998507,1.00173,1.44396,1.70363,1.70998,2.76168,1.58734,1.79132,2.0421,1.6844,1.36347,1.26048,1.42325,2.7408,1.95891,1.89797,1.89759,1.67902,1.40057,1.29252,1.3862,2.92641,3.21238,1.95226,1.22169,1.27906,1.45813,1.37092,1.39031,1.20557,0.892677,1.62087,2.56744,2.24995,1.61266,1.37106,1.34424,0.842708,0.854858,1.57051,2.95521,2.70935,1.6178,1.20561,1.25511,0.809619,1.0059,1.50289,3.63108,2.95099,1.3437,0.868532,1.24259,0.697037,0.85447,0.948815,0.729185,1.02726,1.68869,2.15079,1.68682,0.571029,0.638809,0.770646,0.80178,1.03982,1.5925,1.9613,1.80193,0.520988,0.419719,0.804384,1.67775,1.6217,1.3298,1.41189,1.52007,1.15162,1.54249,0.929472,0.575095,0.715369,1.04509,1.17261,1.28145,1.42059,1.50625,0.985563,0.626169,0.67372,0.919711,1.04809,1.12877,1.16417,1.08637,0.990056,0.89566,0.897032,0.958153,1.0067,1.04446
3,1,1,1,5.17431,3.62199,2.03319,0.998758,1.00193,1.44399,1.70346,1.70987,2.76154,1.58748,1.79144,2.04196,1.6843,1.36354,1.26058,1.42328,2.74083,1.95903,1.89798,1.89743,1.67889,1.4006,1.2926,1.38626,2.92635,3.21234,1.95234,1.22173,1.27905,1.45813,1.37095,1.39035,1.2056,0.89274,1.62096,2.56734,2.24981,1.61265,1.37107,1.34426,0.842746,0.854894,1.57052,2.95503,2.70919,1.61778,1.20561,1.25512,0.809639,1.00591,1.50286,3.63089,2.9509,1.3437,0.868541,1.2426,0.697045,0.854471,0.948811,0.729188,1.02727,1.68869,2.15075,1.68681,0.571032,0.638809,0.770649,0.801791,1.03982,1.59248,1.96126,1.8019,0.520989,0.419717,0.804381,1.67775,1.62169,1.32979,1.41188,1.52006,1.15163,1.5425,0.929467,0.575092,0.715367,1.04508,1.1726,1.28144,1.4206,1.50626,0.985564,0.626168,0.673718,0.919706,1.04808,1.12876,1.16417,1.08637,0.990058,0.895659,0.897029,0.95815,1.0067,1.04445
3,1,10,1,5.16993,3.61961,2.03353,0.999567,1.00256,1.44416,1.70305,1.70964,2.76095,1.58791,1.79182,2.04153,1.68399,1.36374,1.26086,1.42339,2.7408,1.95936,1.89802,1.89692,1.67848,1.40067,1.29285,1.38646,2.926,3.21209,1.95265,1.22192,1.27905,1.45813,1.37104,1.39048,1.20571,0.892992,1.62135,2.56696,2.2493,1.61258,1.37109,1.34433,0.842895,0.855042,1.57056,2.95436,2.70858,1.61769,1.20563,1.25517,0.809717,1.00594,1.50278,3.63013,2.95055,1.34375,0.8686,1.24262,0.697079,0.854478,0.948798,0.729206,1.02733,1.6887,2.15057,1.68675,0.571045,0.638811,0.770663,0.801835,1.03984,1.5924,1.9611,1.80179,0.520994,0.419709,0.804369,1.67773,1.62166,1.32974,1.41181,1.51997,1.15165,1.54252,0.92945,0.575083,0.715357,1.04506,1.17256,1.28138,1.42063,1.50629,0.98557,0.626165,0.673708,0.919687,1.04806,1.12873,1.16418,1.08638,0.990065,0.895658,0.897018,0.958136,1.00668,1.04444
3,1,20,1,5.16863,3.61892,2.03359,0.999769,1.00273,1.44424,1.70301,1.70963,2.76072,1.588,1.79191,2.04142,1.68391,1.36378,1.26092,1.42343,2.74072,1.95942,1.89802,1.89679,1.67839,1.40068,1.2929,1.3865,2.92583,3.21196,1.95274,1.22199,1.27906,1.45813,1.37105,1.39051,1.20574,0.893077,1.62148,2.56687,2.24915,1.61256,1.3711,1.34435,0.842946,0.855095,1.57058,2.95416,2.70841,1.61767,1.20564,1.25518,0.809744,1.00595,1.50276,3.62991,2.95046,1.34378,0.868629,1.24264,0.697092,0.854481,0.948796,0.729214,1.02735,1.68871,2.1505,1.68672,0.571051,0.638813,0.770669,0.801849,1.03985,1.59236,1.96103,1.80175,0.520996,0.419707,0.804364,1.67772,1.62164,1.32972,1.41178,1.51994,1.15166,1.54253,0.929446,0.57508,0.715353,1.04505,1.17255,1.28136,1.42064,1.5063,0.985573,0.626164,0.673705,0.91968,1.04805,1.12872,1.16419,1.08639,0.990068,0.895657,0.897014,0.95813,1.00668,1.04444
3,1,40,1,5.16766,3.61841,2.03361,0.999895,1.00283,1.4443,1.70302,1.70963,2.76051,1.58805,1.79196,2.04135,1.68385,1.36381,1.26095,1.42345,2.74062,1.95944,1.89801,1.89671,1.67832,1.40068,1.29292,1.38653,2.92568,3.21183,1.95281,1.22204,1.27907,1.45813,1.37106,1.39053,1.20576,0.893143,1.62159,2.56681,2.24905,1.61255,1.3711,1.34436,0.842985,0.855138,1.5706,2.95405,2.7083,1.61766,1.20565,1.2552,0.809766,1.00596,1.50275,3.62976,2.95042,1.34381,0.868656,1.24265,0.697103,0.854485,0.948796,0.729221,1.02737,1.68872,2.15044,1.6867,0.571056,0.638815,0.770673,0.801859,1.03985,1.59233,1.96097,1.80171,0.520999,0.419705,0.804361,1.67771,1.62163,1.3297,1.41175,1.51991,1.15167,1.54254,0.929442,0.575079,0.715351,1.04504,1.17253,1.28134,1.42064,1.50631,0.985576,0.626165,0.673703,0.919674,1.04804,1.12871,1.16419,1.08639,0.99007,0.895657,0.897011,0.958126,1.00668,1.04443
3,1,100,1,5.16686,3.61799,2.0336,0.999975,1.0029,1.44434,1.70303,1.70964,2.76031,1.58807,1.79198,2.04129,1.68381,1.36382,1.26097,1.42346,2.7405,1.95944,1.89799,1.89664,1.67827,1.40068,1.29293,1.38654,2.92553,3.21171,1.95285,1.22207,1.27907,1.45812,1.37107,1.39053,1.20578,0.893196,1.62167,2.56678,2.24898,1.61253,1.3711,1.34437,0.843017,0.855174,1.57063,2.95397,2.70822,1.61765,1.20566,1.25521,0.809785,1.00597,1.50274,3.62965,2.9504,1.34385,0.868679,1.24266,0.697112,0.854489,0.948797,0.729228,1.02739,1.68874,2.1504,1.68668,0.57106,0.638817,0.770678,0.801867,1.03985,1.59231,1.96092,1.80168,0.521001,0.419704,0.804359,1.6777,1.62161,1.32969,1.41173,1.51989,1.15167,1.54254,0.92944,0.575078,0.715348,1.04503,1.17252,1.28133,1.42065,1.50631,0.985578,0.626165,0.673701,0.919669,1.04804,1.1287,1.16419,1.08639,0.990072,0.895657,0.897008,0.958122,1.00667,1.04443
3,1,1000,1,5.16613,3.61762,2.03354,1.00001,1.00293,1.44435,1.70301,1.70962,2.76008,1.58806,1.79197,2.04122,1.68376,1.36381,1.26096,1.42345,2.74033,1.9594,1.89795,1.89657,1.67821,1.40066,1.29292,1.38653,2.92536,3.21156,1.95284,1.22206,1.27904,1.45809,1.37105,1.39052,1.20577,0.893229,1.62171,2.56674,2.24891,1.61251,1.37109,1.34436,0.843033,0.855197,1.57064,2.9539,2.70815,1.61764,1.20566,1.2552,0.809793,1.00597,1.50273,3.62955,2.95036,1.34386,0.868689,1.24265,0.697114,0.854488,0.948792,0.729228,1.0274,1.68874,2.15035,1.68666,0.571059,0.638814,0.770676,0.801868,1.03985,1.59228,1.96088,1.80165,0.520999,0.419701,0.804353,1.67768,1.62159,1.32967,1.41172,1.51986,1.15168,1.54255,0.929436,0.575077,0.715346,1.04503,1.17251,1.28131,1.42065,1.50632,0.98558,0.626166,0.6737,0.919664,1.04803,1.12869,1.1642,1.08639,0.990074,0.895657,0.897006,0.958119,1.00667,1.04442
