,obsval,iidx,jidx,kper,kidx,obsnme,ins_str,obgnme
0,0.057936564,0,0,0,0,ucn_00_000_000_000,l1 w !ucn_00_000_000_000!,ucn
1,0.058389507,0,1,0,0,ucn_00_000_001_000,l1 w !ucn_00_000_001_000!,ucn
2,0.06804205,0,2,0,0,ucn_00_000_002_000,l1 w !ucn_00_000_002_000!,ucn
3,0.065464556,0,3,0,0,ucn_00_000_003_000,l1 w !ucn_00_000_003_000!,ucn
4,0.055952486,0,4,0,0,ucn_00_000_004_000,l1 w !ucn_00_000_004_000!,ucn
5,0.06683553,0,5,0,0,ucn_00_000_005_000,l1 w !ucn_00_000_005_000!,ucn
6,0.050045706,0,6,0,0,ucn_00_000_006_000,l1 w !ucn_00_000_006_000!,ucn
7,0.054719977,0,7,0,0,ucn_00_000_007_000,l1 w !ucn_00_000_007_000!,ucn
8,0.053770456,0,8,0,0,ucn_00_000_008_000,l1 w !ucn_00_000_008_000!,ucn
9,0.05163314,0,9,0,0,ucn_00_000_009_000,l1 w !ucn_00_000_009_000!,ucn
10,0.050046604,0,10,0,0,ucn_00_000_010_000,l1 w !ucn_00_000_010_000!,ucn
11,0.047382332,0,11,0,0,ucn_00_000_011_000,l1 w !ucn_00_000_011_000!,ucn
12,0.04850889,0,12,0,0,ucn_00_000_012_000,l1 w !ucn_00_000_012_000!,ucn
13,0.049785636,0,13,0,0,ucn_00_000_013_000,l1 w !ucn_00_000_013_000!,ucn
14,0.048323926,0,14,0,0,ucn_00_000_014_000,l1 w !ucn_00_000_014_000!,ucn
15,0.050428722,0,15,0,0,ucn_00_000_015_000,l1 w !ucn_00_000_015_000!,ucn
16,0.05148322,0,16,0,0,ucn_00_000_016_000,l1 w !ucn_00_000_016_000!,ucn
17,0.046882484,0,17,0,0,ucn_00_000_017_000,l1 w !ucn_00_000_017_000!,ucn
18,0.045251664,0,18,0,0,ucn_00_000_018_000,l1 w !ucn_00_000_018_000!,ucn
19,0.049926676,0,19,0,0,ucn_00_000_019_000,l1 w !ucn_00_000_019_000!,ucn
20,0.062412973,1,0,0,0,ucn_00_001_000_000,l1 w !ucn_00_001_000_000!,ucn
21,0.058135476,1,1,0,0,ucn_00_001_001_000,l1 w !ucn_00_001_001_000!,ucn
22,0.07032174,1,2,0,0,ucn_00_001_002_000,l1 w !ucn_00_001_002_000!,ucn
23,0.060223706,1,3,0,0,ucn_00_001_003_000,l1 w !ucn_00_001_003_000!,ucn
24,0.05422034,1,4,0,0,ucn_00_001_004_000,l1 w !ucn_00_001_004_000!,ucn
25,0.06015382,1,5,0,0,ucn_00_001_005_000,l1 w !ucn_00_001_005_000!,ucn
26,0.056001116,1,6,0,0,ucn_00_001_006_000,l1 w !ucn_00_001_006_000!,ucn
27,0.050625738,1,7,0,0,ucn_00_001_007_000,l1 w !ucn_00_001_007_000!,ucn
28,0.058053877,1,8,0,0,ucn_00_001_008_000,l1 w !ucn_00_001_008_000!,ucn
29,0.052479923,1,9,0,0,ucn_00_001_009_000,l1 w !ucn_00_001_009_000!,ucn
30,0.0486055,1,10,0,0,ucn_00_001_010_000,l1 w !ucn_00_001_010_000!,ucn
31,0.045456868,1,11,0,0,ucn_00_001_011_000,l1 w !ucn_00_001_011_000!,ucn
32,0.048394468,1,12,0,0,ucn_00_001_012_000,l1 w !ucn_00_001_012_000!,ucn
33,0.0464985,1,13,0,0,ucn_00_001_013_000,l1 w !ucn_00_001_013_000!,ucn
34,0.048031554,1,14,0,0,ucn_00_001_014_000,l1 w !ucn_00_001_014_000!,ucn
35,0.04579037,1,15,0,0,ucn_00_001_015_000,l1 w !ucn_00_001_015_000!,ucn
36,0.051034756,1,16,0,0,ucn_00_001_016_000,l1 w !ucn_00_001_016_000!,ucn
37,0.050195094,1,17,0,0,ucn_00_001_017_000,l1 w !ucn_00_001_017_000!,ucn
38,0.047543835,1,18,0,0,ucn_00_001_018_000,l1 w !ucn_00_001_018_000!,ucn
39,0.048286058,1,19,0,0,ucn_00_001_019_000,l1 w !ucn_00_001_019_000!,ucn
40,0.05884081,2,0,0,0,ucn_00_002_000_000,l1 w !ucn_00_002_000_000!,ucn
41,0.05925449,2,1,0,0,ucn_00_002_001_000,l1 w !ucn_00_002_001_000!,ucn
42,0.073417634,2,2,0,0,ucn_00_002_002_000,l1 w !ucn_00_002_002_000!,ucn
43,0.059935093,2,3,0,0,ucn_00_002_003_000,l1 w !ucn_00_002_003_000!,ucn
44,0.05495477,2,4,0,0,ucn_00_002_004_000,l1 w !ucn_00_002_004_000!,ucn
45,0.06435037,2,5,0,0,ucn_00_002_005_000,l1 w !ucn_00_002_005_000!,ucn
46,0.050836105,2,6,0,0,ucn_00_002_006_000,l1 w !ucn_00_002_006_000!,ucn
47,0.056802243,2,7,0,0,ucn_00_002_007_000,l1 w !ucn_00_002_007_000!,ucn
48,0.050704125,2,8,0,0,ucn_00_002_008_000,l1 w !ucn_00_002_008_000!,ucn
49,0.053588983,2,9,0,0,ucn_00_002_009_000,l1 w !ucn_00_002_009_000!,ucn
50,0.04978001,2,10,0,0,ucn_00_002_010_000,l1 w !ucn_00_002_010_000!,ucn
51,0.050270904,2,11,0,0,ucn_00_002_011_000,l1 w !ucn_00_002_011_000!,ucn
52,0.05152396,2,12,0,0,ucn_00_002_012_000,l1 w !ucn_00_002_012_000!,ucn
53,0.04752286,2,13,0,0,ucn_00_002_013_000,l1 w !ucn_00_002_013_000!,ucn
54,0.050724693,2,14,0,0,ucn_00_002_014_000,l1 w !ucn_00_002_014_000!,ucn
55,0.052373603,2,15,0,0,ucn_00_002_015_000,l1 w !ucn_00_002_015_000!,ucn
56,0.045389432,2,16,0,0,ucn_00_002_016_000,l1 w !ucn_00_002_016_000!,ucn
57,0.048480056,2,17,0,0,ucn_00_002_017_000,l1 w !ucn_00_002_017_000!,ucn
58,0.046509087,2,18,0,0,ucn_00_002_018_000,l1 w !ucn_00_002_018_000!,ucn
59,0.04951798,2,19,0,0,ucn_00_002_019_000,l1 w !ucn_00_002_019_000!,ucn
60,0.05890833,3,0,0,0,ucn_00_003_000_000,l1 w !ucn_00_003_000_000!,ucn
61,0.059034996,3,1,0,0,ucn_00_003_001_000,l1 w !ucn_00_003_001_000!,ucn
62,0.069940336,3,2,0,0,ucn_00_003_002_000,l1 w !ucn_00_003_002_000!,ucn
63,0.061931413,3,3,0,0,ucn_00_003_003_000,l1 w !ucn_00_003_003_000!,ucn
64,0.051175166,3,4,0,0,ucn_00_003_004_000,l1 w !ucn_00_003_004_000!,ucn
65,0.06290825,3,5,0,0,ucn_00_003_005_000,l1 w !ucn_00_003_005_000!,ucn
66,0.060463052,3,6,0,0,ucn_00_003_006_000,l1 w !ucn_00_003_006_000!,ucn
67,0.04721498,3,7,0,0,ucn_00_003_007_000,l1 w !ucn_00_003_007_000!,ucn
68,0.0594744,3,8,0,0,ucn_00_003_008_000,l1 w !ucn_00_003_008_000!,ucn
69,0.056148183,3,9,0,0,ucn_00_003_009_000,l1 w !ucn_00_003_009_000!,ucn
70,0.048662715,3,10,0,0,ucn_00_003_010_000,l1 w !ucn_00_003_010_000!,ucn
71,0.046919137,3,11,0,0,ucn_00_003_011_000,l1 w !ucn_00_003_011_000!,ucn
72,0.04515115,3,12,0,0,ucn_00_003_012_000,l1 w !ucn_00_003_012_000!,ucn
73,0.045209296,3,13,0,0,ucn_00_003_013_000,l1 w !ucn_00_003_013_000!,ucn
74,0.046548393,3,14,0,0,ucn_00_003_014_000,l1 w !ucn_00_003_014_000!,ucn
75,0.047045976,3,15,0,0,ucn_00_003_015_000,l1 w !ucn_00_003_015_000!,ucn
76,0.051643096,3,16,0,0,ucn_00_003_016_000,l1 w !ucn_00_003_016_000!,ucn
77,0.047062155,3,17,0,0,ucn_00_003_017_000,l1 w !ucn_00_003_017_000!,ucn
78,0.050103493,3,18,0,0,ucn_00_003_018_000,l1 w !ucn_00_003_018_000!,ucn
79,0.050651222,3,19,0,0,ucn_00_003_019_000,l1 w !ucn_00_003_019_000!,ucn
80,0.05785876,4,0,0,0,ucn_00_004_000_000,l1 w !ucn_00_004_000_000!,ucn
81,0.060059126,4,1,0,0,ucn_00_004_001_000,l1 w !ucn_00_004_001_000!,ucn
82,0.062165335,4,2,0,0,ucn_00_004_002_000,l1 w !ucn_00_004_002_000!,ucn
83,0.054432787,4,3,0,0,ucn_00_004_003_000,l1 w !ucn_00_004_003_000!,ucn
84,0.05483804,4,4,0,0,ucn_00_004_004_000,l1 w !ucn_00_004_004_000!,ucn
85,0.06124069,4,5,0,0,ucn_00_004_005_000,l1 w !ucn_00_004_005_000!,ucn
86,0.044698484,4,6,0,0,ucn_00_004_006_000,l1 w !ucn_00_004_006_000!,ucn
87,0.060206387,4,7,0,0,ucn_00_004_007_000,l1 w !ucn_00_004_007_000!,ucn
88,0.058157925,4,8,0,0,ucn_00_004_008_000,l1 w !ucn_00_004_008_000!,ucn
89,0.049907546,4,9,0,0,ucn_00_004_009_000,l1 w !ucn_00_004_009_000!,ucn
90,0.04644247,4,10,0,0,ucn_00_004_010_000,l1 w !ucn_00_004_010_000!,ucn
91,0.04574647,4,11,0,0,ucn_00_004_011_000,l1 w !ucn_00_004_011_000!,ucn
92,0.04416334,4,12,0,0,ucn_00_004_012_000,l1 w !ucn_00_004_012_000!,ucn
93,0.04497394,4,13,0,0,ucn_00_004_013_000,l1 w !ucn_00_004_013_000!,ucn
94,0.043692406,4,14,0,0,ucn_00_004_014_000,l1 w !ucn_00_004_014_000!,ucn
95,0.04531271,4,15,0,0,ucn_00_004_015_000,l1 w !ucn_00_004_015_000!,ucn
96,0.049052656,4,16,0,0,ucn_00_004_016_000,l1 w !ucn_00_004_016_000!,ucn
97,0.050762635,4,17,0,0,ucn_00_004_017_000,l1 w !ucn_00_004_017_000!,ucn
98,0.0470711,4,18,0,0,ucn_00_004_018_000,l1 w !ucn_00_004_018_000!,ucn
99,0.04783825,4,19,0,0,ucn_00_004_019_000,l1 w !ucn_00_004_019_000!,ucn
100,0.061407924,5,0,0,0,ucn_00_005_000_000,l1 w !ucn_00_005_000_000!,ucn
101,0.057898067,5,1,0,0,ucn_00_005_001_000,l1 w !ucn_00_005_001_000!,ucn
102,0.05890703,5,2,0,0,ucn_00_005_002_000,l1 w !ucn_00_005_002_000!,ucn
103,0.05116773,5,3,0,0,ucn_00_005_003_000,l1 w !ucn_00_005_003_000!,ucn
104,0.050658654,5,4,0,0,ucn_00_005_004_000,l1 w !ucn_00_005_004_000!,ucn
105,0.051212106,5,5,0,0,ucn_00_005_005_000,l1 w !ucn_00_005_005_000!,ucn
106,0.05833693,5,6,0,0,ucn_00_005_006_000,l1 w !ucn_00_005_006_000!,ucn
107,0.052965697,5,7,0,0,ucn_00_005_007_000,l1 w !ucn_00_005_007_000!,ucn
108,0.061609026,5,8,0,0,ucn_00_005_008_000,l1 w !ucn_00_005_008_000!,ucn
109,0.06400149,5,9,0,0,ucn_00_005_009_000,l1 w !ucn_00_005_009_000!,ucn
110,0.050892342,5,10,0,0,ucn_00_005_010_000,l1 w !ucn_00_005_010_000!,ucn
111,0.047229093,5,11,0,0,ucn_00_005_011_000,l1 w !ucn_00_005_011_000!,ucn
112,0.045278445,5,12,0,0,ucn_00_005_012_000,l1 w !ucn_00_005_012_000!,ucn
113,0.044500805,5,13,0,0,ucn_00_005_013_000,l1 w !ucn_00_005_013_000!,ucn
114,0.044642247,5,14,0,0,ucn_00_005_014_000,l1 w !ucn_00_005_014_000!,ucn
115,0.044432197,5,15,0,0,ucn_00_005_015_000,l1 w !ucn_00_005_015_000!,ucn
116,0.045573656,5,16,0,0,ucn_00_005_016_000,l1 w !ucn_00_005_016_000!,ucn
117,0.048198905,5,17,0,0,ucn_00_005_017_000,l1 w !ucn_00_005_017_000!,ucn
118,0.04975604,5,18,0,0,ucn_00_005_018_000,l1 w !ucn_00_005_018_000!,ucn
119,0.050275706,5,19,0,0,ucn_00_005_019_000,l1 w !ucn_00_005_019_000!,ucn
120,0.0638911,6,0,0,0,ucn_00_006_000_000,l1 w !ucn_00_006_000_000!,ucn
121,0.05352432,6,1,0,0,ucn_00_006_001_000,l1 w !ucn_00_006_001_000!,ucn
122,0.05740043,6,2,0,0,ucn_00_006_002_000,l1 w !ucn_00_006_002_000!,ucn
123,0.047781106,6,3,0,0,ucn_00_006_003_000,l1 w !ucn_00_006_003_000!,ucn
124,0.056143682,6,4,0,0,ucn_00_006_004_000,l1 w !ucn_00_006_004_000!,ucn
125,0.046627752,6,5,0,0,ucn_00_006_005_000,l1 w !ucn_00_006_005_000!,ucn
126,0.056552034,6,6,0,0,ucn_00_006_006_000,l1 w !ucn_00_006_006_000!,ucn
127,0.0498098,6,7,0,0,ucn_00_006_007_000,l1 w !ucn_00_006_007_000!,ucn
128,0.059765518,6,8,0,0,ucn_00_006_008_000,l1 w !ucn_00_006_008_000!,ucn
129,0.059061214,6,9,0,0,ucn_00_006_009_000,l1 w !ucn_00_006_009_000!,ucn
130,0.049315665,6,10,0,0,ucn_00_006_010_000,l1 w !ucn_00_006_010_000!,ucn
131,0.048254963,6,11,0,0,ucn_00_006_011_000,l1 w !ucn_00_006_011_000!,ucn
132,0.045045543,6,12,0,0,ucn_00_006_012_000,l1 w !ucn_00_006_012_000!,ucn
133,0.04535456,6,13,0,0,ucn_00_006_013_000,l1 w !ucn_00_006_013_000!,ucn
134,0.046130847,6,14,0,0,ucn_00_006_014_000,l1 w !ucn_00_006_014_000!,ucn
135,0.046072677,6,15,0,0,ucn_00_006_015_000,l1 w !ucn_00_006_015_000!,ucn
136,0.04738914,6,16,0,0,ucn_00_006_016_000,l1 w !ucn_00_006_016_000!,ucn
137,0.046416774,6,17,0,0,ucn_00_006_017_000,l1 w !ucn_00_006_017_000!,ucn
138,0.048627455,6,18,0,0,ucn_00_006_018_000,l1 w !ucn_00_006_018_000!,ucn
139,0.04852819,6,19,0,0,ucn_00_006_019_000,l1 w !ucn_00_006_019_000!,ucn
140,0.06076361,7,0,0,0,ucn_00_007_000_000,l1 w !ucn_00_007_000_000!,ucn
141,0.05054856,7,1,0,0,ucn_00_007_001_000,l1 w !ucn_00_007_001_000!,ucn
142,0.051048756,7,2,0,0,ucn_00_007_002_000,l1 w !ucn_00_007_002_000!,ucn
143,0.048847873,7,3,0,0,ucn_00_007_003_000,l1 w !ucn_00_007_003_000!,ucn
144,0.05314169,7,4,0,0,ucn_00_007_004_000,l1 w !ucn_00_007_004_000!,ucn
145,0.053131763,7,5,0,0,ucn_00_007_005_000,l1 w !ucn_00_007_005_000!,ucn
146,0.05085689,7,6,0,0,ucn_00_007_006_000,l1 w !ucn_00_007_006_000!,ucn
147,0.054809283,7,7,0,0,ucn_00_007_007_000,l1 w !ucn_00_007_007_000!,ucn
148,0.07368937,7,8,0,0,ucn_00_007_008_000,l1 w !ucn_00_007_008_000!,ucn
149,0.06694637,7,9,0,0,ucn_00_007_009_000,l1 w !ucn_00_007_009_000!,ucn
150,0.051888123,7,10,0,0,ucn_00_007_010_000,l1 w !ucn_00_007_010_000!,ucn
151,0.047220636,7,11,0,0,ucn_00_007_011_000,l1 w !ucn_00_007_011_000!,ucn
152,0.0482561,7,12,0,0,ucn_00_007_012_000,l1 w !ucn_00_007_012_000!,ucn
153,0.04571746,7,13,0,0,ucn_00_007_013_000,l1 w !ucn_00_007_013_000!,ucn
154,0.044769738,7,14,0,0,ucn_00_007_014_000,l1 w !ucn_00_007_014_000!,ucn
155,0.045034815,7,15,0,0,ucn_00_007_015_000,l1 w !ucn_00_007_015_000!,ucn
156,0.04716226,7,16,0,0,ucn_00_007_016_000,l1 w !ucn_00_007_016_000!,ucn
157,0.048505723,7,17,0,0,ucn_00_007_017_000,l1 w !ucn_00_007_017_000!,ucn
158,0.048342753,7,18,0,0,ucn_00_007_018_000,l1 w !ucn_00_007_018_000!,ucn
159,0.05094168,7,19,0,0,ucn_00_007_019_000,l1 w !ucn_00_007_019_000!,ucn
160,0.06486086,8,0,0,0,ucn_00_008_000_000,l1 w !ucn_00_008_000_000!,ucn
161,0.05198693,8,1,0,0,ucn_00_008_001_000,l1 w !ucn_00_008_001_000!,ucn
162,0.051518206,8,2,0,0,ucn_00_008_002_000,l1 w !ucn_00_008_002_000!,ucn
163,0.051322073,8,3,0,0,ucn_00_008_003_000,l1 w !ucn_00_008_003_000!,ucn
167,0.058194663,8,7,0,0,ucn_00_008_007_000,l1 w !ucn_00_008_007_000!,ucn
168,0.05462958,8,8,0,0,ucn_00_008_008_000,l1 w !ucn_00_008_008_000!,ucn
169,0.05342099,8,9,0,0,ucn_00_008_009_000,l1 w !ucn_00_008_009_000!,ucn
170,0.05313461,8,10,0,0,ucn_00_008_010_000,l1 w !ucn_00_008_010_000!,ucn
171,0.049703795,8,11,0,0,ucn_00_008_011_000,l1 w !ucn_00_008_011_000!,ucn
172,0.046819776,8,12,0,0,ucn_00_008_012_000,l1 w !ucn_00_008_012_000!,ucn
173,0.047142472,8,13,0,0,ucn_00_008_013_000,l1 w !ucn_00_008_013_000!,ucn
174,0.0463221,8,14,0,0,ucn_00_008_014_000,l1 w !ucn_00_008_014_000!,ucn
175,0.046928443,8,15,0,0,ucn_00_008_015_000,l1 w !ucn_00_008_015_000!,ucn
176,0.04843088,8,16,0,0,ucn_00_008_016_000,l1 w !ucn_00_008_016_000!,ucn
177,0.047773562,8,17,0,0,ucn_00_008_017_000,l1 w !ucn_00_008_017_000!,ucn
178,0.048607,8,18,0,0,ucn_00_008_018_000,l1 w !ucn_00_008_018_000!,ucn
179,0.05093991,8,19,0,0,ucn_00_008_019_000,l1 w !ucn_00_008_019_000!,ucn
180,0.05639642,9,0,0,0,ucn_00_009_000_000,l1 w !ucn_00_009_000_000!,ucn
181,0.049981438,9,1,0,0,ucn_00_009_001_000,l1 w !ucn_00_009_001_000!,ucn
182,0.049067628,9,2,0,0,ucn_00_009_002_000,l1 w !ucn_00_009_002_000!,ucn
183,0.05419867,9,3,0,0,ucn_00_009_003_000,l1 w !ucn_00_009_003_000!,ucn
188,0.0580745,9,8,0,0,ucn_00_009_008_000,l1 w !ucn_00_009_008_000!,ucn
189,0.0562758,9,9,0,0,ucn_00_009_009_000,l1 w !ucn_00_009_009_000!,ucn
190,0.051145937,9,10,0,0,ucn_00_009_010_000,l1 w !ucn_00_009_010_000!,ucn
191,0.04827176,9,11,0,0,ucn_00_009_011_000,l1 w !ucn_00_009_011_000!,ucn
192,0.047212537,9,12,0,0,ucn_00_009_012_000,l1 w !ucn_00_009_012_000!,ucn
193,0.045049418,9,13,0,0,ucn_00_009_013_000,l1 w !ucn_00_009_013_000!,ucn
194,0.047132272,9,14,0,0,ucn_00_009_014_000,l1 w !ucn_00_009_014_000!,ucn
195,0.04828261,9,15,0,0,ucn_00_009_015_000,l1 w !ucn_00_009_015_000!,ucn
196,0.04735556,9,16,0,0,ucn_00_009_016_000,l1 w !ucn_00_009_016_000!,ucn
197,0.048559226,9,17,0,0,ucn_00_009_017_000,l1 w !ucn_00_009_017_000!,ucn
198,0.048069123,9,18,0,0,ucn_00_009_018_000,l1 w !ucn_00_009_018_000!,ucn
199,0.046938863,9,19,0,0,ucn_00_009_019_000,l1 w !ucn_00_009_019_000!,ucn
200,0.05600639,10,0,0,0,ucn_00_010_000_000,l1 w !ucn_00_010_000_000!,ucn
201,0.05021782,10,1,0,0,ucn_00_010_001_000,l1 w !ucn_00_010_001_000!,ucn
202,0.052223526,10,2,0,0,ucn_00_010_002_000,l1 w !ucn_00_010_002_000!,ucn
203,0.0513997,10,3,0,0,ucn_00_010_003_000,l1 w !ucn_00_010_003_000!,ucn
208,0.062803775,10,8,0,0,ucn_00_010_008_000,l1 w !ucn_00_010_008_000!,ucn
209,0.055832498,10,9,0,0,ucn_00_010_009_000,l1 w !ucn_00_010_009_000!,ucn
210,0.050485965,10,10,0,0,ucn_00_010_010_000,l1 w !ucn_00_010_010_000!,ucn
211,0.048494775,10,11,0,0,ucn_00_010_011_000,l1 w !ucn_00_010_011_000!,ucn
212,0.048610765,10,12,0,0,ucn_00_010_012_000,l1 w !ucn_00_010_012_000!,ucn
213,0.046400182,10,13,0,0,ucn_00_010_013_000,l1 w !ucn_00_010_013_000!,ucn
214,0.047070786,10,14,0,0,ucn_00_010_014_000,l1 w !ucn_00_010_014_000!,ucn
215,0.047022704,10,15,0,0,ucn_00_010_015_000,l1 w !ucn_00_010_015_000!,ucn
216,0.047087144,10,16,0,0,ucn_00_010_016_000,l1 w !ucn_00_010_016_000!,ucn
217,0.048123457,10,17,0,0,ucn_00_010_017_000,l1 w !ucn_00_010_017_000!,ucn
218,0.047496557,10,18,0,0,ucn_00_010_018_000,l1 w !ucn_00_010_018_000!,ucn
219,0.04791861,10,19,0,0,ucn_00_010_019_000,l1 w !ucn_00_010_019_000!,ucn
220,0.051017933,11,0,0,0,ucn_00_011_000_000,l1 w !ucn_00_011_000_000!,ucn
221,0.050398756,11,1,0,0,ucn_00_011_001_000,l1 w !ucn_00_011_001_000!,ucn
222,0.050801188,11,2,0,0,ucn_00_011_002_000,l1 w !ucn_00_011_002_000!,ucn
223,0.05244598,11,3,0,0,ucn_00_011_003_000,l1 w !ucn_00_011_003_000!,ucn
228,0.0646375,11,8,0,0,ucn_00_011_008_000,l1 w !ucn_00_011_008_000!,ucn
229,0.057089478,11,9,0,0,ucn_00_011_009_000,l1 w !ucn_00_011_009_000!,ucn
230,0.047379203,11,10,0,0,ucn_00_011_010_000,l1 w !ucn_00_011_010_000!,ucn
231,0.050507266,11,11,0,0,ucn_00_011_011_000,l1 w !ucn_00_011_011_000!,ucn
232,0.049092438,11,12,0,0,ucn_00_011_012_000,l1 w !ucn_00_011_012_000!,ucn
233,0.049079075,11,13,0,0,ucn_00_011_013_000,l1 w !ucn_00_011_013_000!,ucn
234,0.04728909,11,14,0,0,ucn_00_011_014_000,l1 w !ucn_00_011_014_000!,ucn
235,0.04837104,11,15,0,0,ucn_00_011_015_000,l1 w !ucn_00_011_015_000!,ucn
236,0.047550656,11,16,0,0,ucn_00_011_016_000,l1 w !ucn_00_011_016_000!,ucn
237,0.04754501,11,17,0,0,ucn_00_011_017_000,l1 w !ucn_00_011_017_000!,ucn
238,0.04634828,11,18,0,0,ucn_00_011_018_000,l1 w !ucn_00_011_018_000!,ucn
239,0.047339056,11,19,0,0,ucn_00_011_019_000,l1 w !ucn_00_011_019_000!,ucn
240,0.0505503,12,0,0,0,ucn_00_012_000_000,l1 w !ucn_00_012_000_000!,ucn
241,0.047073103,12,1,0,0,ucn_00_012_001_000,l1 w !ucn_00_012_001_000!,ucn
242,0.051648673,12,2,0,0,ucn_00_012_002_000,l1 w !ucn_00_012_002_000!,ucn
243,0.05100036,12,3,0,0,ucn_00_012_003_000,l1 w !ucn_00_012_003_000!,ucn
248,0.06061217,12,8,0,0,ucn_00_012_008_000,l1 w !ucn_00_012_008_000!,ucn
249,0.059391696,12,9,0,0,ucn_00_012_009_000,l1 w !ucn_00_012_009_000!,ucn
250,0.04883157,12,10,0,0,ucn_00_012_010_000,l1 w !ucn_00_012_010_000!,ucn
251,0.04679605,12,11,0,0,ucn_00_012_011_000,l1 w !ucn_00_012_011_000!,ucn
252,0.045810807,12,12,0,0,ucn_00_012_012_000,l1 w !ucn_00_012_012_000!,ucn
253,0.04642111,12,13,0,0,ucn_00_012_013_000,l1 w !ucn_00_012_013_000!,ucn
254,0.045940656,12,14,0,0,ucn_00_012_014_000,l1 w !ucn_00_012_014_000!,ucn
255,0.046923753,12,15,0,0,ucn_00_012_015_000,l1 w !ucn_00_012_015_000!,ucn
256,0.046414472,12,16,0,0,ucn_00_012_016_000,l1 w !ucn_00_012_016_000!,ucn
257,0.047635928,12,17,0,0,ucn_00_012_017_000,l1 w !ucn_00_012_017_000!,ucn
258,0.04796372,12,18,0,0,ucn_00_012_018_000,l1 w !ucn_00_012_018_000!,ucn
259,0.04833251,12,19,0,0,ucn_00_012_019_000,l1 w !ucn_00_012_019_000!,ucn
260,0.054165237,13,0,0,0,ucn_00_013_000_000,l1 w !ucn_00_013_000_000!,ucn
261,0.050345317,13,1,0,0,ucn_00_013_001_000,l1 w !ucn_00_013_001_000!,ucn
262,0.049020957,13,2,0,0,ucn_00_013_002_000,l1 w !ucn_00_013_002_000!,ucn
263,0.04767446,13,3,0,0,ucn_00_013_003_000,l1 w !ucn_00_013_003_000!,ucn
268,0.062422987,13,8,0,0,ucn_00_013_008_000,l1 w !ucn_00_013_008_000!,ucn
269,0.059151642,13,9,0,0,ucn_00_013_009_000,l1 w !ucn_00_013_009_000!,ucn
270,0.04959231,13,10,0,0,ucn_00_013_010_000,l1 w !ucn_00_013_010_000!,ucn
271,0.047191408,13,11,0,0,ucn_00_013_011_000,l1 w !ucn_00_013_011_000!,ucn
272,0.04511195,13,12,0,0,ucn_00_013_012_000,l1 w !ucn_00_013_012_000!,ucn
273,0.04512091,13,13,0,0,ucn_00_013_013_000,l1 w !ucn_00_013_013_000!,ucn
274,0.045933057,13,14,0,0,ucn_00_013_014_000,l1 w !ucn_00_013_014_000!,ucn
275,0.04704345,13,15,0,0,ucn_00_013_015_000,l1 w !ucn_00_013_015_000!,ucn
276,0.046735678,13,16,0,0,ucn_00_013_016_000,l1 w !ucn_00_013_016_000!,ucn
277,0.04941001,13,17,0,0,ucn_00_013_017_000,l1 w !ucn_00_013_017_000!,ucn
278,0.04843595,13,18,0,0,ucn_00_013_018_000,l1 w !ucn_00_013_018_000!,ucn
279,0.047026694,13,19,0,0,ucn_00_013_019_000,l1 w !ucn_00_013_019_000!,ucn
280,0.04848259,14,0,0,0,ucn_00_014_000_000,l1 w !ucn_00_014_000_000!,ucn
281,0.049281504,14,1,0,0,ucn_00_014_001_000,l1 w !ucn_00_014_001_000!,ucn
282,0.046282932,14,2,0,0,ucn_00_014_002_000,l1 w !ucn_00_014_002_000!,ucn
283,0.045000896,14,3,0,0,ucn_00_014_003_000,l1 w !ucn_00_014_003_000!,ucn
288,0.060294427,14,8,0,0,ucn_00_014_008_000,l1 w !ucn_00_014_008_000!,ucn
289,0.061471865,14,9,0,0,ucn_00_014_009_000,l1 w !ucn_00_014_009_000!,ucn
290,0.049160305,14,10,0,0,ucn_00_014_010_000,l1 w !ucn_00_014_010_000!,ucn
291,0.048014596,14,11,0,0,ucn_00_014_011_000,l1 w !ucn_00_014_011_000!,ucn
292,0.045876086,14,12,0,0,ucn_00_014_012_000,l1 w !ucn_00_014_012_000!,ucn
293,0.045856684,14,13,0,0,ucn_00_014_013_000,l1 w !ucn_00_014_013_000!,ucn
294,0.04463415,14,14,0,0,ucn_00_014_014_000,l1 w !ucn_00_014_014_000!,ucn
295,0.04713304,14,15,0,0,ucn_00_014_015_000,l1 w !ucn_00_014_015_000!,ucn
296,0.04660729,14,16,0,0,ucn_00_014_016_000,l1 w !ucn_00_014_016_000!,ucn
297,0.048117716,14,17,0,0,ucn_00_014_017_000,l1 w !ucn_00_014_017_000!,ucn
298,0.04650393,14,18,0,0,ucn_00_014_018_000,l1 w !ucn_00_014_018_000!,ucn
299,0.047433812,14,19,0,0,ucn_00_014_019_000,l1 w !ucn_00_014_019_000!,ucn
300,0.052421443,15,0,0,0,ucn_00_015_000_000,l1 w !ucn_00_015_000_000!,ucn
301,0.05905509,15,1,0,0,ucn_00_015_001_000,l1 w !ucn_00_015_001_000!,ucn
302,0.047184195,15,2,0,0,ucn_00_015_002_000,l1 w !ucn_00_015_002_000!,ucn
303,0.043161254,15,3,0,0,ucn_00_015_003_000,l1 w !ucn_00_015_003_000!,ucn
308,0.066299215,15,8,0,0,ucn_00_015_008_000,l1 w !ucn_00_015_008_000!,ucn
309,0.054618526,15,9,0,0,ucn_00_015_009_000,l1 w !ucn_00_015_009_000!,ucn
310,0.046431,15,10,0,0,ucn_00_015_010_000,l1 w !ucn_00_015_010_000!,ucn
311,0.0470135,15,11,0,0,ucn_00_015_011_000,l1 w !ucn_00_015_011_000!,ucn
312,0.046615683,15,12,0,0,ucn_00_015_012_000,l1 w !ucn_00_015_012_000!,ucn
313,0.04628503,15,13,0,0,ucn_00_015_013_000,l1 w !ucn_00_015_013_000!,ucn
314,0.04629052,15,14,0,0,ucn_00_015_014_000,l1 w !ucn_00_015_014_000!,ucn
315,0.047335494,15,15,0,0,ucn_00_015_015_000,l1 w !ucn_00_015_015_000!,ucn
316,0.046628803,15,16,0,0,ucn_00_015_016_000,l1 w !ucn_00_015_016_000!,ucn
317,0.04846375,15,17,0,0,ucn_00_015_017_000,l1 w !ucn_00_015_017_000!,ucn
318,0.047843393,15,18,0,0,ucn_00_015_018_000,l1 w !ucn_00_015_018_000!,ucn
319,0.048656438,15,19,0,0,ucn_00_015_019_000,l1 w !ucn_00_015_019_000!,ucn
320,0.05003075,16,0,0,0,ucn_00_016_000_000,l1 w !ucn_00_016_000_000!,ucn
321,0.049189717,16,1,0,0,ucn_00_016_001_000,l1 w !ucn_00_016_001_000!,ucn
322,0.04718371,16,2,0,0,ucn_00_016_002_000,l1 w !ucn_00_016_002_000!,ucn
323,0.044850253,16,3,0,0,ucn_00_016_003_000,l1 w !ucn_00_016_003_000!,ucn
328,0.05737036,16,8,0,0,ucn_00_016_008_000,l1 w !ucn_00_016_008_000!,ucn
329,0.057416137,16,9,0,0,ucn_00_016_009_000,l1 w !ucn_00_016_009_000!,ucn
330,0.048864152,16,10,0,0,ucn_00_016_010_000,l1 w !ucn_00_016_010_000!,ucn
331,0.045695577,16,11,0,0,ucn_00_016_011_000,l1 w !ucn_00_016_011_000!,ucn
332,0.046095192,16,12,0,0,ucn_00_016_012_000,l1 w !ucn_00_016_012_000!,ucn
333,0.046095144,16,13,0,0,ucn_00_016_013_000,l1 w !ucn_00_016_013_000!,ucn
334,0.04550238,16,14,0,0,ucn_00_016_014_000,l1 w !ucn_00_016_014_000!,ucn
335,0.047301255,16,15,0,0,ucn_00_016_015_000,l1 w !ucn_00_016_015_000!,ucn
336,0.048348747,16,16,0,0,ucn_00_016_016_000,l1 w !ucn_00_016_016_000!,ucn
337,0.04992381,16,17,0,0,ucn_00_016_017_000,l1 w !ucn_00_016_017_000!,ucn
338,0.04964503,16,18,0,0,ucn_00_016_018_000,l1 w !ucn_00_016_018_000!,ucn
339,0.04951701,16,19,0,0,ucn_00_016_019_000,l1 w !ucn_00_016_019_000!,ucn
340,0.05132937,17,0,0,0,ucn_00_017_000_000,l1 w !ucn_00_017_000_000!,ucn
341,0.045315553,17,1,0,0,ucn_00_017_001_000,l1 w !ucn_00_017_001_000!,ucn
342,0.044401947,17,2,0,0,ucn_00_017_002_000,l1 w !ucn_00_017_002_000!,ucn
343,0.044196934,17,3,0,0,ucn_00_017_003_000,l1 w !ucn_00_017_003_000!,ucn
348,0.06651881,17,8,0,0,ucn_00_017_008_000,l1 w !ucn_00_017_008_000!,ucn
349,0.06397304,17,9,0,0,ucn_00_017_009_000,l1 w !ucn_00_017_009_000!,ucn
350,0.0500288,17,10,0,0,ucn_00_017_010_000,l1 w !ucn_00_017_010_000!,ucn
351,0.047885545,17,11,0,0,ucn_00_017_011_000,l1 w !ucn_00_017_011_000!,ucn
352,0.046104223,17,12,0,0,ucn_00_017_012_000,l1 w !ucn_00_017_012_000!,ucn
353,0.045582898,17,13,0,0,ucn_00_017_013_000,l1 w !ucn_00_017_013_000!,ucn
354,0.046066903,17,14,0,0,ucn_00_017_014_000,l1 w !ucn_00_017_014_000!,ucn
355,0.047360774,17,15,0,0,ucn_00_017_015_000,l1 w !ucn_00_017_015_000!,ucn
356,0.04861439,17,16,0,0,ucn_00_017_016_000,l1 w !ucn_00_017_016_000!,ucn
357,0.048748013,17,17,0,0,ucn_00_017_017_000,l1 w !ucn_00_017_017_000!,ucn
358,0.048953768,17,18,0,0,ucn_00_017_018_000,l1 w !ucn_00_017_018_000!,ucn
359,0.046881236,17,19,0,0,ucn_00_017_019_000,l1 w !ucn_00_017_019_000!,ucn
360,0.05058047,18,0,0,0,ucn_00_018_000_000,l1 w !ucn_00_018_000_000!,ucn
361,0.04783201,18,1,0,0,ucn_00_018_001_000,l1 w !ucn_00_018_001_000!,ucn
362,0.044394765,18,2,0,0,ucn_00_018_002_000,l1 w !ucn_00_018_002_000!,ucn
363,0.045862455,18,3,0,0,ucn_00_018_003_000,l1 w !ucn_00_018_003_000!,ucn
368,0.06340889,18,8,0,0,ucn_00_018_008_000,l1 w !ucn_00_018_008_000!,ucn
369,0.061596528,18,9,0,0,ucn_00_018_009_000,l1 w !ucn_00_018_009_000!,ucn
370,0.05171506,18,10,0,0,ucn_00_018_010_000,l1 w !ucn_00_018_010_000!,ucn
371,0.04771803,18,11,0,0,ucn_00_018_011_000,l1 w !ucn_00_018_011_000!,ucn
372,0.046500534,18,12,0,0,ucn_00_018_012_000,l1 w !ucn_00_018_012_000!,ucn
373,0.045983974,18,13,0,0,ucn_00_018_013_000,l1 w !ucn_00_018_013_000!,ucn
374,0.045602076,18,14,0,0,ucn_00_018_014_000,l1 w !ucn_00_018_014_000!,ucn
375,0.047362197,18,15,0,0,ucn_00_018_015_000,l1 w !ucn_00_018_015_000!,ucn
376,0.048399527,18,16,0,0,ucn_00_018_016_000,l1 w !ucn_00_018_016_000!,ucn
377,0.047083277,18,17,0,0,ucn_00_018_017_000,l1 w !ucn_00_018_017_000!,ucn
378,0.04847976,18,18,0,0,ucn_00_018_018_000,l1 w !ucn_00_018_018_000!,ucn
379,0.050073933,18,19,0,0,ucn_00_018_019_000,l1 w !ucn_00_018_019_000!,ucn
380,0.05490812,19,0,0,0,ucn_00_019_000_000,l1 w !ucn_00_019_000_000!,ucn
381,0.048449337,19,1,0,0,ucn_00_019_001_000,l1 w !ucn_00_019_001_000!,ucn
382,0.03856198,19,2,0,0,ucn_00_019_002_000,l1 w !ucn_00_019_002_000!,ucn
383,0.047358237,19,3,0,0,ucn_00_019_003_000,l1 w !ucn_00_019_003_000!,ucn
388,0.05966736,19,8,0,0,ucn_00_019_008_000,l1 w !ucn_00_019_008_000!,ucn
389,0.05624114,19,9,0,0,ucn_00_019_009_000,l1 w !ucn_00_019_009_000!,ucn
390,0.046890117,19,10,0,0,ucn_00_019_010_000,l1 w !ucn_00_019_010_000!,ucn
391,0.046214957,19,11,0,0,ucn_00_019_011_000,l1 w !ucn_00_019_011_000!,ucn
392,0.045426678,19,12,0,0,ucn_00_019_012_000,l1 w !ucn_00_019_012_000!,ucn
393,0.047231603,19,13,0,0,ucn_00_019_013_000,l1 w !ucn_00_019_013_000!,ucn
394,0.047740597,19,14,0,0,ucn_00_019_014_000,l1 w !ucn_00_019_014_000!,ucn
395,0.04767534,19,15,0,0,ucn_00_019_015_000,l1 w !ucn_00_019_015_000!,ucn
396,0.048694205,19,16,0,0,ucn_00_019_016_000,l1 w !ucn_00_019_016_000!,ucn
397,0.04762418,19,17,0,0,ucn_00_019_017_000,l1 w !ucn_00_019_017_000!,ucn
398,0.04928248,19,18,0,0,ucn_00_019_018_000,l1 w !ucn_00_019_018_000!,ucn
399,0.049302768,19,19,0,0,ucn_00_019_019_000,l1 w !ucn_00_019_019_000!,ucn
400,0.048598222,20,0,0,0,ucn_00_020_000_000,l1 w !ucn_00_020_000_000!,ucn
401,0.047038157,20,1,0,0,ucn_00_020_001_000,l1 w !ucn_00_020_001_000!,ucn
402,0.044454757,20,2,0,0,ucn_00_020_002_000,l1 w !ucn_00_020_002_000!,ucn
403,0.04735115,20,3,0,0,ucn_00_020_003_000,l1 w !ucn_00_020_003_000!,ucn
408,0.055605315,20,8,0,0,ucn_00_020_008_000,l1 w !ucn_00_020_008_000!,ucn
409,0.053979345,20,9,0,0,ucn_00_020_009_000,l1 w !ucn_00_020_009_000!,ucn
410,0.049492873,20,10,0,0,ucn_00_020_010_000,l1 w !ucn_00_020_010_000!,ucn
411,0.04771515,20,11,0,0,ucn_00_020_011_000,l1 w !ucn_00_020_011_000!,ucn
412,0.046165556,20,12,0,0,ucn_00_020_012_000,l1 w !ucn_00_020_012_000!,ucn
413,0.04749835,20,13,0,0,ucn_00_020_013_000,l1 w !ucn_00_020_013_000!,ucn
414,0.04815924,20,14,0,0,ucn_00_020_014_000,l1 w !ucn_00_020_014_000!,ucn
415,0.04900367,20,15,0,0,ucn_00_020_015_000,l1 w !ucn_00_020_015_000!,ucn
416,0.05032211,20,16,0,0,ucn_00_020_016_000,l1 w !ucn_00_020_016_000!,ucn
417,0.05002742,20,17,0,0,ucn_00_020_017_000,l1 w !ucn_00_020_017_000!,ucn
418,0.05093922,20,18,0,0,ucn_00_020_018_000,l1 w !ucn_00_020_018_000!,ucn
419,0.048832387,20,19,0,0,ucn_00_020_019_000,l1 w !ucn_00_020_019_000!,ucn
420,0.057362214,21,0,0,0,ucn_00_021_000_000,l1 w !ucn_00_021_000_000!,ucn
421,0.051624443,21,1,0,0,ucn_00_021_001_000,l1 w !ucn_00_021_001_000!,ucn
422,0.041026846,21,2,0,0,ucn_00_021_002_000,l1 w !ucn_00_021_002_000!,ucn
423,0.045600507,21,3,0,0,ucn_00_021_003_000,l1 w !ucn_00_021_003_000!,ucn
426,0.048697084,21,6,0,0,ucn_00_021_006_000,l1 w !ucn_00_021_006_000!,ucn
427,0.06692341,21,7,0,0,ucn_00_021_007_000,l1 w !ucn_00_021_007_000!,ucn
428,0.052868985,21,8,0,0,ucn_00_021_008_000,l1 w !ucn_00_021_008_000!,ucn
429,0.055608235,21,9,0,0,ucn_00_021_009_000,l1 w !ucn_00_021_009_000!,ucn
430,0.04819995,21,10,0,0,ucn_00_021_010_000,l1 w !ucn_00_021_010_000!,ucn
431,0.046210237,21,11,0,0,ucn_00_021_011_000,l1 w !ucn_00_021_011_000!,ucn
432,0.046884213,21,12,0,0,ucn_00_021_012_000,l1 w !ucn_00_021_012_000!,ucn
433,0.046884008,21,13,0,0,ucn_00_021_013_000,l1 w !ucn_00_021_013_000!,ucn
434,0.04668388,21,14,0,0,ucn_00_021_014_000,l1 w !ucn_00_021_014_000!,ucn
435,0.048765022,21,15,0,0,ucn_00_021_015_000,l1 w !ucn_00_021_015_000!,ucn
436,0.050087195,21,16,0,0,ucn_00_021_016_000,l1 w !ucn_00_021_016_000!,ucn
437,0.04934718,21,17,0,0,ucn_00_021_017_000,l1 w !ucn_00_021_017_000!,ucn
438,0.049975354,21,18,0,0,ucn_00_021_018_000,l1 w !ucn_00_021_018_000!,ucn
439,0.04988052,21,19,0,0,ucn_00_021_019_000,l1 w !ucn_00_021_019_000!,ucn
440,0.05087811,22,0,0,0,ucn_00_022_000_000,l1 w !ucn_00_022_000_000!,ucn
441,0.050803993,22,1,0,0,ucn_00_022_001_000,l1 w !ucn_00_022_001_000!,ucn
442,0.039984643,22,2,0,0,ucn_00_022_002_000,l1 w !ucn_00_022_002_000!,ucn
443,0.045010157,22,3,0,0,ucn_00_022_003_000,l1 w !ucn_00_022_003_000!,ucn
444,0.042473055,22,4,0,0,ucn_00_022_004_000,l1 w !ucn_00_022_004_000!,ucn
446,0.05155744,22,6,0,0,ucn_00_022_006_000,l1 w !ucn_00_022_006_000!,ucn
447,0.056434914,22,7,0,0,ucn_00_022_007_000,l1 w !ucn_00_022_007_000!,ucn
448,0.047406714,22,8,0,0,ucn_00_022_008_000,l1 w !ucn_00_022_008_000!,ucn
449,0.052274548,22,9,0,0,ucn_00_022_009_000,l1 w !ucn_00_022_009_000!,ucn
450,0.04521993,22,10,0,0,ucn_00_022_010_000,l1 w !ucn_00_022_010_000!,ucn
451,0.04629641,22,11,0,0,ucn_00_022_011_000,l1 w !ucn_00_022_011_000!,ucn
452,0.044928495,22,12,0,0,ucn_00_022_012_000,l1 w !ucn_00_022_012_000!,ucn
453,0.047171533,22,13,0,0,ucn_00_022_013_000,l1 w !ucn_00_022_013_000!,ucn
454,0.04663695,22,14,0,0,ucn_00_022_014_000,l1 w !ucn_00_022_014_000!,ucn
455,0.047981568,22,15,0,0,ucn_00_022_015_000,l1 w !ucn_00_022_015_000!,ucn
456,0.04938873,22,16,0,0,ucn_00_022_016_000,l1 w !ucn_00_022_016_000!,ucn
457,0.048414268,22,17,0,0,ucn_00_022_017_000,l1 w !ucn_00_022_017_000!,ucn
458,0.048183616,22,18,0,0,ucn_00_022_018_000,l1 w !ucn_00_022_018_000!,ucn
459,0.04945916,22,19,0,0,ucn_00_022_019_000,l1 w !ucn_00_022_019_000!,ucn
460,0.05418323,23,0,0,0,ucn_00_023_000_000,l1 w !ucn_00_023_000_000!,ucn
461,0.050436683,23,1,0,0,ucn_00_023_001_000,l1 w !ucn_00_023_001_000!,ucn
462,0.04299399,23,2,0,0,ucn_00_023_002_000,l1 w !ucn_00_023_002_000!,ucn
463,0.0429888,23,3,0,0,ucn_00_023_003_000,l1 w !ucn_00_023_003_000!,ucn
464,0.04402434,23,4,0,0,ucn_00_023_004_000,l1 w !ucn_00_023_004_000!,ucn
465,0.047411602,23,5,0,0,ucn_00_023_005_000,l1 w !ucn_00_023_005_000!,ucn
466,0.05270528,23,6,0,0,ucn_00_023_006_000,l1 w !ucn_00_023_006_000!,ucn
467,0.045130696,23,7,0,0,ucn_00_023_007_000,l1 w !ucn_00_023_007_000!,ucn
468,0.0495603,23,8,0,0,ucn_00_023_008_000,l1 w !ucn_00_023_008_000!,ucn
469,0.052076895,23,9,0,0,ucn_00_023_009_000,l1 w !ucn_00_023_009_000!,ucn
470,0.04792585,23,10,0,0,ucn_00_023_010_000,l1 w !ucn_00_023_010_000!,ucn
471,0.04588851,23,11,0,0,ucn_00_023_011_000,l1 w !ucn_00_023_011_000!,ucn
472,0.046739023,23,12,0,0,ucn_00_023_012_000,l1 w !ucn_00_023_012_000!,ucn
473,0.046427984,23,13,0,0,ucn_00_023_013_000,l1 w !ucn_00_023_013_000!,ucn
474,0.04648973,23,14,0,0,ucn_00_023_014_000,l1 w !ucn_00_023_014_000!,ucn
475,0.04863982,23,15,0,0,ucn_00_023_015_000,l1 w !ucn_00_023_015_000!,ucn
476,0.04939555,23,16,0,0,ucn_00_023_016_000,l1 w !ucn_00_023_016_000!,ucn
477,0.049248002,23,17,0,0,ucn_00_023_017_000,l1 w !ucn_00_023_017_000!,ucn
478,0.049937006,23,18,0,0,ucn_00_023_018_000,l1 w !ucn_00_023_018_000!,ucn
479,0.05067509,23,19,0,0,ucn_00_023_019_000,l1 w !ucn_00_023_019_000!,ucn
480,0.055517197,24,0,0,0,ucn_00_024_000_000,l1 w !ucn_00_024_000_000!,ucn
481,0.051327255,24,1,0,0,ucn_00_024_001_000,l1 w !ucn_00_024_001_000!,ucn
482,0.03673311,24,2,0,0,ucn_00_024_002_000,l1 w !ucn_00_024_002_000!,ucn
483,0.049173575,24,3,0,0,ucn_00_024_003_000,l1 w !ucn_00_024_003_000!,ucn
484,0.057058185,24,4,0,0,ucn_00_024_004_000,l1 w !ucn_00_024_004_000!,ucn
485,0.04614943,24,5,0,0,ucn_00_024_005_000,l1 w !ucn_00_024_005_000!,ucn
486,0.047565665,24,6,0,0,ucn_00_024_006_000,l1 w !ucn_00_024_006_000!,ucn
487,0.046318542,24,7,0,0,ucn_00_024_007_000,l1 w !ucn_00_024_007_000!,ucn
488,0.053505912,24,8,0,0,ucn_00_024_008_000,l1 w !ucn_00_024_008_000!,ucn
489,0.048379146,24,9,0,0,ucn_00_024_009_000,l1 w !ucn_00_024_009_000!,ucn
490,0.046012945,24,10,0,0,ucn_00_024_010_000,l1 w !ucn_00_024_010_000!,ucn
491,0.044944596,24,11,0,0,ucn_00_024_011_000,l1 w !ucn_00_024_011_000!,ucn
492,0.044495706,24,12,0,0,ucn_00_024_012_000,l1 w !ucn_00_024_012_000!,ucn
493,0.045517225,24,13,0,0,ucn_00_024_013_000,l1 w !ucn_00_024_013_000!,ucn
494,0.04471511,24,14,0,0,ucn_00_024_014_000,l1 w !ucn_00_024_014_000!,ucn
495,0.047813904,24,15,0,0,ucn_00_024_015_000,l1 w !ucn_00_024_015_000!,ucn
496,0.050031222,24,16,0,0,ucn_00_024_016_000,l1 w !ucn_00_024_016_000!,ucn
497,0.05019362,24,17,0,0,ucn_00_024_017_000,l1 w !ucn_00_024_017_000!,ucn
498,0.048916023,24,18,0,0,ucn_00_024_018_000,l1 w !ucn_00_024_018_000!,ucn
499,0.049660936,24,19,0,0,ucn_00_024_019_000,l1 w !ucn_00_024_019_000!,ucn
500,0.06313922,25,0,0,0,ucn_00_025_000_000,l1 w !ucn_00_025_000_000!,ucn
501,0.05274243,25,1,0,0,ucn_00_025_001_000,l1 w !ucn_00_025_001_000!,ucn
502,0.048817717,25,2,0,0,ucn_00_025_002_000,l1 w !ucn_00_025_002_000!,ucn
503,0.0423583,25,3,0,0,ucn_00_025_003_000,l1 w !ucn_00_025_003_000!,ucn
504,0.047385596,25,4,0,0,ucn_00_025_004_000,l1 w !ucn_00_025_004_000!,ucn
505,0.042758346,25,5,0,0,ucn_00_025_005_000,l1 w !ucn_00_025_005_000!,ucn
506,0.04755022,25,6,0,0,ucn_00_025_006_000,l1 w !ucn_00_025_006_000!,ucn
507,0.045559824,25,7,0,0,ucn_00_025_007_000,l1 w !ucn_00_025_007_000!,ucn
508,0.045603435,25,8,0,0,ucn_00_025_008_000,l1 w !ucn_00_025_008_000!,ucn
509,0.04698681,25,9,0,0,ucn_00_025_009_000,l1 w !ucn_00_025_009_000!,ucn
510,0.044086434,25,10,0,0,ucn_00_025_010_000,l1 w !ucn_00_025_010_000!,ucn
511,0.044464707,25,11,0,0,ucn_00_025_011_000,l1 w !ucn_00_025_011_000!,ucn
512,0.04449217,25,12,0,0,ucn_00_025_012_000,l1 w !ucn_00_025_012_000!,ucn
513,0.04508353,25,13,0,0,ucn_00_025_013_000,l1 w !ucn_00_025_013_000!,ucn
514,0.0451217,25,14,0,0,ucn_00_025_014_000,l1 w !ucn_00_025_014_000!,ucn
515,0.047366004,25,15,0,0,ucn_00_025_015_000,l1 w !ucn_00_025_015_000!,ucn
516,0.050249606,25,16,0,0,ucn_00_025_016_000,l1 w !ucn_00_025_016_000!,ucn
517,0.051630888,25,17,0,0,ucn_00_025_017_000,l1 w !ucn_00_025_017_000!,ucn
518,0.051528078,25,18,0,0,ucn_00_025_018_000,l1 w !ucn_00_025_018_000!,ucn
519,0.051574618,25,19,0,0,ucn_00_025_019_000,l1 w !ucn_00_025_019_000!,ucn
520,0.060206983,26,0,0,0,ucn_00_026_000_000,l1 w !ucn_00_026_000_000!,ucn
521,0.05295816,26,1,0,0,ucn_00_026_001_000,l1 w !ucn_00_026_001_000!,ucn
522,0.047714077,26,2,0,0,ucn_00_026_002_000,l1 w !ucn_00_026_002_000!,ucn
523,0.049287055,26,3,0,0,ucn_00_026_003_000,l1 w !ucn_00_026_003_000!,ucn
524,0.045559093,26,4,0,0,ucn_00_026_004_000,l1 w !ucn_00_026_004_000!,ucn
525,0.045805532,26,5,0,0,ucn_00_026_005_000,l1 w !ucn_00_026_005_000!,ucn
526,0.04429673,26,6,0,0,ucn_00_026_006_000,l1 w !ucn_00_026_006_000!,ucn
527,0.04623773,26,7,0,0,ucn_00_026_007_000,l1 w !ucn_00_026_007_000!,ucn
528,0.04386771,26,8,0,0,ucn_00_026_008_000,l1 w !ucn_00_026_008_000!,ucn
529,0.046845082,26,9,0,0,ucn_00_026_009_000,l1 w !ucn_00_026_009_000!,ucn
530,0.043215156,26,10,0,0,ucn_00_026_010_000,l1 w !ucn_00_026_010_000!,ucn
531,0.04403513,26,11,0,0,ucn_00_026_011_000,l1 w !ucn_00_026_011_000!,ucn
532,0.044057976,26,12,0,0,ucn_00_026_012_000,l1 w !ucn_00_026_012_000!,ucn
533,0.04479465,26,13,0,0,ucn_00_026_013_000,l1 w !ucn_00_026_013_000!,ucn
534,0.04481248,26,14,0,0,ucn_00_026_014_000,l1 w !ucn_00_026_014_000!,ucn
535,0.048077315,26,15,0,0,ucn_00_026_015_000,l1 w !ucn_00_026_015_000!,ucn
536,0.050603826,26,16,0,0,ucn_00_026_016_000,l1 w !ucn_00_026_016_000!,ucn
537,0.050755177,26,17,0,0,ucn_00_026_017_000,l1 w !ucn_00_026_017_000!,ucn
538,0.05004524,26,18,0,0,ucn_00_026_018_000,l1 w !ucn_00_026_018_000!,ucn
539,0.05206162,26,19,0,0,ucn_00_026_019_000,l1 w !ucn_00_026_019_000!,ucn
540,0.05838197,27,0,0,0,ucn_00_027_000_000,l1 w !ucn_00_027_000_000!,ucn
541,0.05885351,27,1,0,0,ucn_00_027_001_000,l1 w !ucn_00_027_001_000!,ucn
542,0.047906607,27,2,0,0,ucn_00_027_002_000,l1 w !ucn_00_027_002_000!,ucn
543,0.051214498,27,3,0,0,ucn_00_027_003_000,l1 w !ucn_00_027_003_000!,ucn
544,0.04665847,27,4,0,0,ucn_00_027_004_000,l1 w !ucn_00_027_004_000!,ucn
545,0.0475905,27,5,0,0,ucn_00_027_005_000,l1 w !ucn_00_027_005_000!,ucn
546,0.047555882,27,6,0,0,ucn_00_027_006_000,l1 w !ucn_00_027_006_000!,ucn
547,0.04599605,27,7,0,0,ucn_00_027_007_000,l1 w !ucn_00_027_007_000!,ucn
548,0.044893444,27,8,0,0,ucn_00_027_008_000,l1 w !ucn_00_027_008_000!,ucn
549,0.04493992,27,9,0,0,ucn_00_027_009_000,l1 w !ucn_00_027_009_000!,ucn
550,0.044558477,27,10,0,0,ucn_00_027_010_000,l1 w !ucn_00_027_010_000!,ucn
551,0.044043753,27,11,0,0,ucn_00_027_011_000,l1 w !ucn_00_027_011_000!,ucn
552,0.04455556,27,12,0,0,ucn_00_027_012_000,l1 w !ucn_00_027_012_000!,ucn
553,0.04448464,27,13,0,0,ucn_00_027_013_000,l1 w !ucn_00_027_013_000!,ucn
554,0.0444883,27,14,0,0,ucn_00_027_014_000,l1 w !ucn_00_027_014_000!,ucn
555,0.04763767,27,15,0,0,ucn_00_027_015_000,l1 w !ucn_00_027_015_000!,ucn
556,0.05029331,27,16,0,0,ucn_00_027_016_000,l1 w !ucn_00_027_016_000!,ucn
557,0.05038152,27,17,0,0,ucn_00_027_017_000,l1 w !ucn_00_027_017_000!,ucn
558,0.0503198,27,18,0,0,ucn_00_027_018_000,l1 w !ucn_00_027_018_000!,ucn
559,0.050174426,27,19,0,0,ucn_00_027_019_000,l1 w !ucn_00_027_019_000!,ucn
560,0.063701674,28,0,0,0,ucn_00_028_000_000,l1 w !ucn_00_028_000_000!,ucn
561,0.05725762,28,1,0,0,ucn_00_028_001_000,l1 w !ucn_00_028_001_000!,ucn
562,0.054081447,28,2,0,0,ucn_00_028_002_000,l1 w !ucn_00_028_002_000!,ucn
563,0.06206398,28,3,0,0,ucn_00_028_003_000,l1 w !ucn_00_028_003_000!,ucn
564,0.052220978,28,4,0,0,ucn_00_028_004_000,l1 w !ucn_00_028_004_000!,ucn
565,0.049396068,28,5,0,0,ucn_00_028_005_000,l1 w !ucn_00_028_005_000!,ucn
566,0.049371295,28,6,0,0,ucn_00_028_006_000,l1 w !ucn_00_028_006_000!,ucn
567,0.04392275,28,7,0,0,ucn_00_028_007_000,l1 w !ucn_00_028_007_000!,ucn
568,0.04503881,28,8,0,0,ucn_00_028_008_000,l1 w !ucn_00_028_008_000!,ucn
569,0.04538116,28,9,0,0,ucn_00_028_009_000,l1 w !ucn_00_028_009_000!,ucn
570,0.043902893,28,10,0,0,ucn_00_028_010_000,l1 w !ucn_00_028_010_000!,ucn
571,0.04313934,28,11,0,0,ucn_00_028_011_000,l1 w !ucn_00_028_011_000!,ucn
572,0.044902347,28,12,0,0,ucn_00_028_012_000,l1 w !ucn_00_028_012_000!,ucn
573,0.044758603,28,13,0,0,ucn_00_028_013_000,l1 w !ucn_00_028_013_000!,ucn
574,0.04486526,28,14,0,0,ucn_00_028_014_000,l1 w !ucn_00_028_014_000!,ucn
575,0.0487095,28,15,0,0,ucn_00_028_015_000,l1 w !ucn_00_028_015_000!,ucn
576,0.050639186,28,16,0,0,ucn_00_028_016_000,l1 w !ucn_00_028_016_000!,ucn
577,0.050569575,28,17,0,0,ucn_00_028_017_000,l1 w !ucn_00_028_017_000!,ucn
578,0.050894383,28,18,0,0,ucn_00_028_018_000,l1 w !ucn_00_028_018_000!,ucn
579,0.05136274,28,19,0,0,ucn_00_028_019_000,l1 w !ucn_00_028_019_000!,ucn
580,0.069170475,29,0,0,0,ucn_00_029_000_000,l1 w !ucn_00_029_000_000!,ucn
581,0.05769577,29,1,0,0,ucn_00_029_001_000,l1 w !ucn_00_029_001_000!,ucn
582,0.053962283,29,2,0,0,ucn_00_029_002_000,l1 w !ucn_00_029_002_000!,ucn
583,0.04561161,29,3,0,0,ucn_00_029_003_000,l1 w !ucn_00_029_003_000!,ucn
584,0.05062775,29,4,0,0,ucn_00_029_004_000,l1 w !ucn_00_029_004_000!,ucn
585,0.0465741,29,5,0,0,ucn_00_029_005_000,l1 w !ucn_00_029_005_000!,ucn
586,0.04658257,29,6,0,0,ucn_00_029_006_000,l1 w !ucn_00_029_006_000!,ucn
587,0.048470132,29,7,0,0,ucn_00_029_007_000,l1 w !ucn_00_029_007_000!,ucn
588,0.045221742,29,8,0,0,ucn_00_029_008_000,l1 w !ucn_00_029_008_000!,ucn
589,0.045345422,29,9,0,0,ucn_00_029_009_000,l1 w !ucn_00_029_009_000!,ucn
590,0.045106437,29,10,0,0,ucn_00_029_010_000,l1 w !ucn_00_029_010_000!,ucn
591,0.044638082,29,11,0,0,ucn_00_029_011_000,l1 w !ucn_00_029_011_000!,ucn
592,0.044185612,29,12,0,0,ucn_00_029_012_000,l1 w !ucn_00_029_012_000!,ucn
593,0.045213655,29,13,0,0,ucn_00_029_013_000,l1 w !ucn_00_029_013_000!,ucn
594,0.044114348,29,14,0,0,ucn_00_029_014_000,l1 w !ucn_00_029_014_000!,ucn
595,0.04796489,29,15,0,0,ucn_00_029_015_000,l1 w !ucn_00_029_015_000!,ucn
596,0.05089518,29,16,0,0,ucn_00_029_016_000,l1 w !ucn_00_029_016_000!,ucn
597,0.050472833,29,17,0,0,ucn_00_029_017_000,l1 w !ucn_00_029_017_000!,ucn
598,0.051902104,29,18,0,0,ucn_00_029_018_000,l1 w !ucn_00_029_018_000!,ucn
599,0.053213038,29,19,0,0,ucn_00_029_019_000,l1 w !ucn_00_029_019_000!,ucn
600,0.059243962,30,0,0,0,ucn_00_030_000_000,l1 w !ucn_00_030_000_000!,ucn
601,0.05781795,30,1,0,0,ucn_00_030_001_000,l1 w !ucn_00_030_001_000!,ucn
602,0.047435988,30,2,0,0,ucn_00_030_002_000,l1 w !ucn_00_030_002_000!,ucn
603,0.062736414,30,3,0,0,ucn_00_030_003_000,l1 w !ucn_00_030_003_000!,ucn
604,0.046812955,30,4,0,0,ucn_00_030_004_000,l1 w !ucn_00_030_004_000!,ucn
605,0.04936658,30,5,0,0,ucn_00_030_005_000,l1 w !ucn_00_030_005_000!,ucn
606,0.05196483,30,6,0,0,ucn_00_030_006_000,l1 w !ucn_00_030_006_000!,ucn
607,0.05194493,30,7,0,0,ucn_00_030_007_000,l1 w !ucn_00_030_007_000!,ucn
608,0.048301034,30,8,0,0,ucn_00_030_008_000,l1 w !ucn_00_030_008_000!,ucn
609,0.045582484,30,9,0,0,ucn_00_030_009_000,l1 w !ucn_00_030_009_000!,ucn
610,0.043909658,30,10,0,0,ucn_00_030_010_000,l1 w !ucn_00_030_010_000!,ucn
611,0.045185454,30,11,0,0,ucn_00_030_011_000,l1 w !ucn_00_030_011_000!,ucn
612,0.044990078,30,12,0,0,ucn_00_030_012_000,l1 w !ucn_00_030_012_000!,ucn
613,0.04566384,30,13,0,0,ucn_00_030_013_000,l1 w !ucn_00_030_013_000!,ucn
614,0.04522929,30,14,0,0,ucn_00_030_014_000,l1 w !ucn_00_030_014_000!,ucn
615,0.048671912,30,15,0,0,ucn_00_030_015_000,l1 w !ucn_00_030_015_000!,ucn
616,0.051247977,30,16,0,0,ucn_00_030_016_000,l1 w !ucn_00_030_016_000!,ucn
617,0.050538596,30,17,0,0,ucn_00_030_017_000,l1 w !ucn_00_030_017_000!,ucn
618,0.051692575,30,18,0,0,ucn_00_030_018_000,l1 w !ucn_00_030_018_000!,ucn
619,0.050371215,30,19,0,0,ucn_00_030_019_000,l1 w !ucn_00_030_019_000!,ucn
620,0.06395516,31,0,0,0,ucn_00_031_000_000,l1 w !ucn_00_031_000_000!,ucn
621,0.057692308,31,1,0,0,ucn_00_031_001_000,l1 w !ucn_00_031_001_000!,ucn
622,0.05933488,31,2,0,0,ucn_00_031_002_000,l1 w !ucn_00_031_002_000!,ucn
623,0.049427565,31,3,0,0,ucn_00_031_003_000,l1 w !ucn_00_031_003_000!,ucn
624,0.046832725,31,4,0,0,ucn_00_031_004_000,l1 w !ucn_00_031_004_000!,ucn
625,0.047495663,31,5,0,0,ucn_00_031_005_000,l1 w !ucn_00_031_005_000!,ucn
626,0.0503479,31,6,0,0,ucn_00_031_006_000,l1 w !ucn_00_031_006_000!,ucn
627,0.04607863,31,7,0,0,ucn_00_031_007_000,l1 w !ucn_00_031_007_000!,ucn
628,0.049067114,31,8,0,0,ucn_00_031_008_000,l1 w !ucn_00_031_008_000!,ucn
629,0.04804121,31,9,0,0,ucn_00_031_009_000,l1 w !ucn_00_031_009_000!,ucn
630,0.04540445,31,10,0,0,ucn_00_031_010_000,l1 w !ucn_00_031_010_000!,ucn
631,0.044157766,31,11,0,0,ucn_00_031_011_000,l1 w !ucn_00_031_011_000!,ucn
632,0.046247564,31,12,0,0,ucn_00_031_012_000,l1 w !ucn_00_031_012_000!,ucn
633,0.04596935,31,13,0,0,ucn_00_031_013_000,l1 w !ucn_00_031_013_000!,ucn
634,0.046002716,31,14,0,0,ucn_00_031_014_000,l1 w !ucn_00_031_014_000!,ucn
635,0.049786877,31,15,0,0,ucn_00_031_015_000,l1 w !ucn_00_031_015_000!,ucn
636,0.051585365,31,16,0,0,ucn_00_031_016_000,l1 w !ucn_00_031_016_000!,ucn
637,0.050326362,31,17,0,0,ucn_00_031_017_000,l1 w !ucn_00_031_017_000!,ucn
638,0.05146427,31,18,0,0,ucn_00_031_018_000,l1 w !ucn_00_031_018_000!,ucn
639,0.05266409,31,19,0,0,ucn_00_031_019_000,l1 w !ucn_00_031_019_000!,ucn
641,0.050742988,32,1,0,0,ucn_00_032_001_000,l1 w !ucn_00_032_001_000!,ucn
642,0.0596758,32,2,0,0,ucn_00_032_002_000,l1 w !ucn_00_032_002_000!,ucn
643,0.049633235,32,3,0,0,ucn_00_032_003_000,l1 w !ucn_00_032_003_000!,ucn
644,0.049215034,32,4,0,0,ucn_00_032_004_000,l1 w !ucn_00_032_004_000!,ucn
645,0.048316874,32,5,0,0,ucn_00_032_005_000,l1 w !ucn_00_032_005_000!,ucn
646,0.050564133,32,6,0,0,ucn_00_032_006_000,l1 w !ucn_00_032_006_000!,ucn
647,0.04793685,32,7,0,0,ucn_00_032_007_000,l1 w !ucn_00_032_007_000!,ucn
648,0.04632579,32,8,0,0,ucn_00_032_008_000,l1 w !ucn_00_032_008_000!,ucn
649,0.0493033,32,9,0,0,ucn_00_032_009_000,l1 w !ucn_00_032_009_000!,ucn
650,0.047264226,32,10,0,0,ucn_00_032_010_000,l1 w !ucn_00_032_010_000!,ucn
651,0.043483663,32,11,0,0,ucn_00_032_011_000,l1 w !ucn_00_032_011_000!,ucn
652,0.045855157,32,12,0,0,ucn_00_032_012_000,l1 w !ucn_00_032_012_000!,ucn
653,0.046501517,32,13,0,0,ucn_00_032_013_000,l1 w !ucn_00_032_013_000!,ucn
654,0.047407743,32,14,0,0,ucn_00_032_014_000,l1 w !ucn_00_032_014_000!,ucn
655,0.049733624,32,15,0,0,ucn_00_032_015_000,l1 w !ucn_00_032_015_000!,ucn
656,0.05173962,32,16,0,0,ucn_00_032_016_000,l1 w !ucn_00_032_016_000!,ucn
657,0.050437976,32,17,0,0,ucn_00_032_017_000,l1 w !ucn_00_032_017_000!,ucn
658,0.051896304,32,18,0,0,ucn_00_032_018_000,l1 w !ucn_00_032_018_000!,ucn
659,0.053239133,32,19,0,0,ucn_00_032_019_000,l1 w !ucn_00_032_019_000!,ucn
662,0.06889846,33,2,0,0,ucn_00_033_002_000,l1 w !ucn_00_033_002_000!,ucn
663,0.053036682,33,3,0,0,ucn_00_033_003_000,l1 w !ucn_00_033_003_000!,ucn
664,0.05000139,33,4,0,0,ucn_00_033_004_000,l1 w !ucn_00_033_004_000!,ucn
665,0.0539034,33,5,0,0,ucn_00_033_005_000,l1 w !ucn_00_033_005_000!,ucn
666,0.047042836,33,6,0,0,ucn_00_033_006_000,l1 w !ucn_00_033_006_000!,ucn
667,0.044554748,33,7,0,0,ucn_00_033_007_000,l1 w !ucn_00_033_007_000!,ucn
668,0.04738482,33,8,0,0,ucn_00_033_008_000,l1 w !ucn_00_033_008_000!,ucn
669,0.04683578,33,9,0,0,ucn_00_033_009_000,l1 w !ucn_00_033_009_000!,ucn
670,0.042974472,33,10,0,0,ucn_00_033_010_000,l1 w !ucn_00_033_010_000!,ucn
671,0.04829028,33,11,0,0,ucn_00_033_011_000,l1 w !ucn_00_033_011_000!,ucn
672,0.051595412,33,12,0,0,ucn_00_033_012_000,l1 w !ucn_00_033_012_000!,ucn
673,0.047912363,33,13,0,0,ucn_00_033_013_000,l1 w !ucn_00_033_013_000!,ucn
674,0.04870284,33,14,0,0,ucn_00_033_014_000,l1 w !ucn_00_033_014_000!,ucn
675,0.05060717,33,15,0,0,ucn_00_033_015_000,l1 w !ucn_00_033_015_000!,ucn
676,0.05188825,33,16,0,0,ucn_00_033_016_000,l1 w !ucn_00_033_016_000!,ucn
677,0.050977647,33,17,0,0,ucn_00_033_017_000,l1 w !ucn_00_033_017_000!,ucn
678,0.052085217,33,18,0,0,ucn_00_033_018_000,l1 w !ucn_00_033_018_000!,ucn
679,0.051700417,33,19,0,0,ucn_00_033_019_000,l1 w !ucn_00_033_019_000!,ucn
683,0.059066724,34,3,0,0,ucn_00_034_003_000,l1 w !ucn_00_034_003_000!,ucn
684,0.052533276,34,4,0,0,ucn_00_034_004_000,l1 w !ucn_00_034_004_000!,ucn
685,0.051713876,34,5,0,0,ucn_00_034_005_000,l1 w !ucn_00_034_005_000!,ucn
686,0.049623605,34,6,0,0,ucn_00_034_006_000,l1 w !ucn_00_034_006_000!,ucn
687,0.052572396,34,7,0,0,ucn_00_034_007_000,l1 w !ucn_00_034_007_000!,ucn
688,0.04912144,34,8,0,0,ucn_00_034_008_000,l1 w !ucn_00_034_008_000!,ucn
689,0.04643911,34,9,0,0,ucn_00_034_009_000,l1 w !ucn_00_034_009_000!,ucn
690,0.046480674,34,10,0,0,ucn_00_034_010_000,l1 w !ucn_00_034_010_000!,ucn
691,0.052322112,34,11,0,0,ucn_00_034_011_000,l1 w !ucn_00_034_011_000!,ucn
692,0.05215674,34,12,0,0,ucn_00_034_012_000,l1 w !ucn_00_034_012_000!,ucn
693,0.048850447,34,13,0,0,ucn_00_034_013_000,l1 w !ucn_00_034_013_000!,ucn
694,0.04953989,34,14,0,0,ucn_00_034_014_000,l1 w !ucn_00_034_014_000!,ucn
695,0.052348055,34,15,0,0,ucn_00_034_015_000,l1 w !ucn_00_034_015_000!,ucn
696,0.053644203,34,16,0,0,ucn_00_034_016_000,l1 w !ucn_00_034_016_000!,ucn
697,0.052661236,34,17,0,0,ucn_00_034_017_000,l1 w !ucn_00_034_017_000!,ucn
698,0.05305346,34,18,0,0,ucn_00_034_018_000,l1 w !ucn_00_034_018_000!,ucn
699,0.05306981,34,19,0,0,ucn_00_034_019_000,l1 w !ucn_00_034_019_000!,ucn
704,0.04993008,35,4,0,0,ucn_00_035_004_000,l1 w !ucn_00_035_004_000!,ucn
705,0.04892211,35,5,0,0,ucn_00_035_005_000,l1 w !ucn_00_035_005_000!,ucn
706,0.04859875,35,6,0,0,ucn_00_035_006_000,l1 w !ucn_00_035_006_000!,ucn
707,0.052803725,35,7,0,0,ucn_00_035_007_000,l1 w !ucn_00_035_007_000!,ucn
708,0.05173035,35,8,0,0,ucn_00_035_008_000,l1 w !ucn_00_035_008_000!,ucn
709,0.048588898,35,9,0,0,ucn_00_035_009_000,l1 w !ucn_00_035_009_000!,ucn
710,0.048237287,35,10,0,0,ucn_00_035_010_000,l1 w !ucn_00_035_010_000!,ucn
711,0.049502123,35,11,0,0,ucn_00_035_011_000,l1 w !ucn_00_035_011_000!,ucn
712,0.051465094,35,12,0,0,ucn_00_035_012_000,l1 w !ucn_00_035_012_000!,ucn
713,0.050445344,35,13,0,0,ucn_00_035_013_000,l1 w !ucn_00_035_013_000!,ucn
714,0.049942143,35,14,0,0,ucn_00_035_014_000,l1 w !ucn_00_035_014_000!,ucn
715,0.05249746,35,15,0,0,ucn_00_035_015_000,l1 w !ucn_00_035_015_000!,ucn
716,0.053643335,35,16,0,0,ucn_00_035_016_000,l1 w !ucn_00_035_016_000!,ucn
717,0.052389864,35,17,0,0,ucn_00_035_017_000,l1 w !ucn_00_035_017_000!,ucn
718,0.05331602,35,18,0,0,ucn_00_035_018_000,l1 w !ucn_00_035_018_000!,ucn
724,0.05151769,36,4,0,0,ucn_00_036_004_000,l1 w !ucn_00_036_004_000!,ucn
725,0.049516227,36,5,0,0,ucn_00_036_005_000,l1 w !ucn_00_036_005_000!,ucn
726,0.056264143,36,6,0,0,ucn_00_036_006_000,l1 w !ucn_00_036_006_000!,ucn
727,0.052010983,36,7,0,0,ucn_00_036_007_000,l1 w !ucn_00_036_007_000!,ucn
728,0.049561437,36,8,0,0,ucn_00_036_008_000,l1 w !ucn_00_036_008_000!,ucn
729,0.049782373,36,9,0,0,ucn_00_036_009_000,l1 w !ucn_00_036_009_000!,ucn
730,0.048275087,36,10,0,0,ucn_00_036_010_000,l1 w !ucn_00_036_010_000!,ucn
731,0.04713678,36,11,0,0,ucn_00_036_011_000,l1 w !ucn_00_036_011_000!,ucn
732,0.049415186,36,12,0,0,ucn_00_036_012_000,l1 w !ucn_00_036_012_000!,ucn
733,0.05340043,36,13,0,0,ucn_00_036_013_000,l1 w !ucn_00_036_013_000!,ucn
734,0.05050435,36,14,0,0,ucn_00_036_014_000,l1 w !ucn_00_036_014_000!,ucn
735,0.052732244,36,15,0,0,ucn_00_036_015_000,l1 w !ucn_00_036_015_000!,ucn
736,0.05416219,36,16,0,0,ucn_00_036_016_000,l1 w !ucn_00_036_016_000!,ucn
737,0.052765153,36,17,0,0,ucn_00_036_017_000,l1 w !ucn_00_036_017_000!,ucn
738,0.05452931,36,18,0,0,ucn_00_036_018_000,l1 w !ucn_00_036_018_000!,ucn
745,0.054694537,37,5,0,0,ucn_00_037_005_000,l1 w !ucn_00_037_005_000!,ucn
746,0.05133719,37,6,0,0,ucn_00_037_006_000,l1 w !ucn_00_037_006_000!,ucn
747,0.04757268,37,7,0,0,ucn_00_037_007_000,l1 w !ucn_00_037_007_000!,ucn
748,0.050790086,37,8,0,0,ucn_00_037_008_000,l1 w !ucn_00_037_008_000!,ucn
749,0.050275806,37,9,0,0,ucn_00_037_009_000,l1 w !ucn_00_037_009_000!,ucn
750,0.050223377,37,10,0,0,ucn_00_037_010_000,l1 w !ucn_00_037_010_000!,ucn
751,0.04871325,37,11,0,0,ucn_00_037_011_000,l1 w !ucn_00_037_011_000!,ucn
752,0.049863365,37,12,0,0,ucn_00_037_012_000,l1 w !ucn_00_037_012_000!,ucn
753,0.0529519,37,13,0,0,ucn_00_037_013_000,l1 w !ucn_00_037_013_000!,ucn
754,0.050479762,37,14,0,0,ucn_00_037_014_000,l1 w !ucn_00_037_014_000!,ucn
755,0.053238053,37,15,0,0,ucn_00_037_015_000,l1 w !ucn_00_037_015_000!,ucn
756,0.054437127,37,16,0,0,ucn_00_037_016_000,l1 w !ucn_00_037_016_000!,ucn
757,0.052939896,37,17,0,0,ucn_00_037_017_000,l1 w !ucn_00_037_017_000!,ucn
765,0.049447566,38,5,0,0,ucn_00_038_005_000,l1 w !ucn_00_038_005_000!,ucn
766,0.0553354,38,6,0,0,ucn_00_038_006_000,l1 w !ucn_00_038_006_000!,ucn
767,0.047632247,38,7,0,0,ucn_00_038_007_000,l1 w !ucn_00_038_007_000!,ucn
768,0.05050052,38,8,0,0,ucn_00_038_008_000,l1 w !ucn_00_038_008_000!,ucn
769,0.05029047,38,9,0,0,ucn_00_038_009_000,l1 w !ucn_00_038_009_000!,ucn
770,0.048354745,38,10,0,0,ucn_00_038_010_000,l1 w !ucn_00_038_010_000!,ucn
771,0.04872269,38,11,0,0,ucn_00_038_011_000,l1 w !ucn_00_038_011_000!,ucn
772,0.04908153,38,12,0,0,ucn_00_038_012_000,l1 w !ucn_00_038_012_000!,ucn
773,0.049655534,38,13,0,0,ucn_00_038_013_000,l1 w !ucn_00_038_013_000!,ucn
774,0.049035054,38,14,0,0,ucn_00_038_014_000,l1 w !ucn_00_038_014_000!,ucn
775,0.056441564,38,15,0,0,ucn_00_038_015_000,l1 w !ucn_00_038_015_000!,ucn
776,0.05595563,38,16,0,0,ucn_00_038_016_000,l1 w !ucn_00_038_016_000!,ucn
785,0.062436227,39,5,0,0,ucn_00_039_005_000,l1 w !ucn_00_039_005_000!,ucn
786,0.06240913,39,6,0,0,ucn_00_039_006_000,l1 w !ucn_00_039_006_000!,ucn
787,0.055380095,39,7,0,0,ucn_00_039_007_000,l1 w !ucn_00_039_007_000!,ucn
788,0.0592131,39,8,0,0,ucn_00_039_008_000,l1 w !ucn_00_039_008_000!,ucn
789,0.0614588,39,9,0,0,ucn_00_039_009_000,l1 w !ucn_00_039_009_000!,ucn
790,0.060386144,39,10,0,0,ucn_00_039_010_000,l1 w !ucn_00_039_010_000!,ucn
791,0.060989372,39,11,0,0,ucn_00_039_011_000,l1 w !ucn_00_039_011_000!,ucn
792,0.062166132,39,12,0,0,ucn_00_039_012_000,l1 w !ucn_00_039_012_000!,ucn
793,0.06534205,39,13,0,0,ucn_00_039_013_000,l1 w !ucn_00_039_013_000!,ucn
794,0.059771374,39,14,0,0,ucn_00_039_014_000,l1 w !ucn_00_039_014_000!,ucn
