obsnme,obsval,iidx,jidx,kper,kidx,obsnme,ins_str,obgnme
hds_00_000_000_000,30.512041091918945,0,0,0,0,hds_00_000_000_000,l1 w !hds_00_000_000_000!,hds
hds_00_000_001_000,30.439937591552734,0,1,0,0,hds_00_000_001_000,l1 w !hds_00_000_001_000!,hds
hds_00_000_002_000,30.279338836669922,0,2,0,0,hds_00_000_002_000,l1 w !hds_00_000_002_000!,hds
hds_00_000_003_000,30.009550094604492,0,3,0,0,hds_00_000_003_000,l1 w !hds_00_000_003_000!,hds
hds_00_000_004_000,29.700403213500977,0,4,0,0,hds_00_000_004_000,l1 w !hds_00_000_004_000!,hds
hds_00_000_005_000,29.360172271728516,0,5,0,0,hds_00_000_005_000,l1 w !hds_00_000_005_000!,hds
hds_00_000_006_000,28.920494079589844,0,6,0,0,hds_00_000_006_000,l1 w !hds_00_000_006_000!,hds
hds_00_000_007_000,28.552474975585938,0,7,0,0,hds_00_000_007_000,l1 w !hds_00_000_007_000!,hds
hds_00_000_008_000,28.12688636779785,0,8,0,0,hds_00_000_008_000,l1 w !hds_00_000_008_000!,hds
hds_00_000_009_000,27.67626190185547,0,9,0,0,hds_00_000_009_000,l1 w !hds_00_000_009_000!,hds
hds_00_000_010_000,27.199520111083984,0,10,0,0,hds_00_000_010_000,l1 w !hds_00_000_010_000!,hds
hds_00_000_011_000,26.730268478393555,0,11,0,0,hds_00_000_011_000,l1 w !hds_00_000_011_000!,hds
hds_00_000_012_000,26.264507293701172,0,12,0,0,hds_00_000_012_000,l1 w !hds_00_000_012_000!,hds
hds_00_000_013_000,25.80726432800293,0,13,0,0,hds_00_000_013_000,l1 w !hds_00_000_013_000!,hds
hds_00_000_014_000,25.420825958251953,0,14,0,0,hds_00_000_014_000,l1 w !hds_00_000_014_000!,hds
hds_00_000_015_000,25.05936622619629,0,15,0,0,hds_00_000_015_000,l1 w !hds_00_000_015_000!,hds
hds_00_000_016_000,25.014867782592773,0,16,0,0,hds_00_000_016_000,l1 w !hds_00_000_016_000!,hds
hds_00_000_017_000,24.98971176147461,0,17,0,0,hds_00_000_017_000,l1 w !hds_00_000_017_000!,hds
hds_00_000_018_000,24.982011795043945,0,18,0,0,hds_00_000_018_000,l1 w !hds_00_000_018_000!,hds
hds_00_000_019_000,24.984384536743164,0,19,0,0,hds_00_000_019_000,l1 w !hds_00_000_019_000!,hds
hds_00_001_000_000,30.535581588745117,1,0,0,0,hds_00_001_000_000,l1 w !hds_00_001_000_000!,hds
hds_00_001_001_000,30.457975387573242,1,1,0,0,hds_00_001_001_000,l1 w !hds_00_001_001_000!,hds
hds_00_001_002_000,30.292457580566406,1,2,0,0,hds_00_001_002_000,l1 w !hds_00_001_002_000!,hds
hds_00_001_003_000,30.005708694458008,1,3,0,0,hds_00_001_003_000,l1 w !hds_00_001_003_000!,hds
hds_00_001_004_000,29.71856117248535,1,4,0,0,hds_00_001_004_000,l1 w !hds_00_001_004_000!,hds
hds_00_001_005_000,29.366958618164062,1,5,0,0,hds_00_001_005_000,l1 w !hds_00_001_005_000!,hds
hds_00_001_006_000,28.927778244018555,1,6,0,0,hds_00_001_006_000,l1 w !hds_00_001_006_000!,hds
hds_00_001_007_000,28.531343460083008,1,7,0,0,hds_00_001_007_000,l1 w !hds_00_001_007_000!,hds
hds_00_001_008_000,28.11385726928711,1,8,0,0,hds_00_001_008_000,l1 w !hds_00_001_008_000!,hds
hds_00_001_009_000,27.61968994140625,1,9,0,0,hds_00_001_009_000,l1 w !hds_00_001_009_000!,hds
hds_00_001_010_000,27.131404876708984,1,10,0,0,hds_00_001_010_000,l1 w !hds_00_001_010_000!,hds
hds_00_001_011_000,26.66911506652832,1,11,0,0,hds_00_001_011_000,l1 w !hds_00_001_011_000!,hds
hds_00_001_012_000,26.204805374145508,1,12,0,0,hds_00_001_012_000,l1 w !hds_00_001_012_000!,hds
hds_00_001_013_000,25.730932235717773,1,13,0,0,hds_00_001_013_000,l1 w !hds_00_001_013_000!,hds
hds_00_001_014_000,25.34033203125,1,14,0,0,hds_00_001_014_000,l1 w !hds_00_001_014_000!,hds
hds_00_001_015_000,24.93222427368164,1,15,0,0,hds_00_001_015_000,l1 w !hds_00_001_015_000!,hds
hds_00_001_016_000,24.93511199951172,1,16,0,0,hds_00_001_016_000,l1 w !hds_00_001_016_000!,hds
hds_00_001_017_000,24.930774688720703,1,17,0,0,hds_00_001_017_000,l1 w !hds_00_001_017_000!,hds
hds_00_001_018_000,24.931133270263672,1,18,0,0,hds_00_001_018_000,l1 w !hds_00_001_018_000!,hds
hds_00_001_019_000,24.93545150756836,1,19,0,0,hds_00_001_019_000,l1 w !hds_00_001_019_000!,hds
hds_00_002_000_000,30.572933197021484,2,0,0,0,hds_00_002_000_000,l1 w !hds_00_002_000_000!,hds
hds_00_002_001_000,30.496498107910156,2,1,0,0,hds_00_002_001_000,l1 w !hds_00_002_001_000!,hds
hds_00_002_002_000,30.318349838256836,2,2,0,0,hds_00_002_002_000,l1 w !hds_00_002_002_000!,hds
hds_00_002_003_000,30.022253036499023,2,3,0,0,hds_00_002_003_000,l1 w !hds_00_002_003_000!,hds
hds_00_002_004_000,29.74112892150879,2,4,0,0,hds_00_002_004_000,l1 w !hds_00_002_004_000!,hds
hds_00_002_005_000,29.37961769104004,2,5,0,0,hds_00_002_005_000,l1 w !hds_00_002_005_000!,hds
hds_00_002_006_000,28.91290855407715,2,6,0,0,hds_00_002_006_000,l1 w !hds_00_002_006_000!,hds
hds_00_002_007_000,28.516103744506836,2,7,0,0,hds_00_002_007_000,l1 w !hds_00_002_007_000!,hds
hds_00_002_008_000,28.05002784729004,2,8,0,0,hds_00_002_008_000,l1 w !hds_00_002_008_000!,hds
hds_00_002_009_000,27.54785919189453,2,9,0,0,hds_00_002_009_000,l1 w !hds_00_002_009_000!,hds
hds_00_002_010_000,27.016647338867188,2,10,0,0,hds_00_002_010_000,l1 w !hds_00_002_010_000!,hds
hds_00_002_011_000,26.54688262939453,2,11,0,0,hds_00_002_011_000,l1 w !hds_00_002_011_000!,hds
hds_00_002_012_000,26.05915069580078,2,12,0,0,hds_00_002_012_000,l1 w !hds_00_002_012_000!,hds
hds_00_002_013_000,25.609296798706055,2,13,0,0,hds_00_002_013_000,l1 w !hds_00_002_013_000!,hds
hds_00_002_014_000,25.217866897583008,2,14,0,0,hds_00_002_014_000,l1 w !hds_00_002_014_000!,hds
hds_00_002_015_000,24.75990104675293,2,15,0,0,hds_00_002_015_000,l1 w !hds_00_002_015_000!,hds
hds_00_002_016_000,24.79184341430664,2,16,0,0,hds_00_002_016_000,l1 w !hds_00_002_016_000!,hds
hds_00_002_017_000,24.8115177154541,2,17,0,0,hds_00_002_017_000,l1 w !hds_00_002_017_000!,hds
hds_00_002_018_000,24.827741622924805,2,18,0,0,hds_00_002_018_000,l1 w !hds_00_002_018_000!,hds
hds_00_002_019_000,24.837488174438477,2,19,0,0,hds_00_002_019_000,l1 w !hds_00_002_019_000!,hds
hds_00_003_000_000,30.650827407836914,3,0,0,0,hds_00_003_000_000,l1 w !hds_00_003_000_000!,hds
hds_00_003_001_000,30.559768676757812,3,1,0,0,hds_00_003_001_000,l1 w !hds_00_003_001_000!,hds
hds_00_003_002_000,30.3663387298584,3,2,0,0,hds_00_003_002_000,l1 w !hds_00_003_002_000!,hds
hds_00_003_003_000,30.070295333862305,3,3,0,0,hds_00_003_003_000,l1 w !hds_00_003_003_000!,hds
hds_00_003_004_000,29.766510009765625,3,4,0,0,hds_00_003_004_000,l1 w !hds_00_003_004_000!,hds
hds_00_003_005_000,29.403278350830078,3,5,0,0,hds_00_003_005_000,l1 w !hds_00_003_005_000!,hds
hds_00_003_006_000,28.904382705688477,3,6,0,0,hds_00_003_006_000,l1 w !hds_00_003_006_000!,hds
hds_00_003_007_000,28.449235916137695,3,7,0,0,hds_00_003_007_000,l1 w !hds_00_003_007_000!,hds
hds_00_003_008_000,27.976943969726562,3,8,0,0,hds_00_003_008_000,l1 w !hds_00_003_008_000!,hds
hds_00_003_009_000,27.3675594329834,3,9,0,0,hds_00_003_009_000,l1 w !hds_00_003_009_000!,hds
hds_00_003_010_000,26.820844650268555,3,10,0,0,hds_00_003_010_000,l1 w !hds_00_003_010_000!,hds
hds_00_003_011_000,26.349199295043945,3,11,0,0,hds_00_003_011_000,l1 w !hds_00_003_011_000!,hds
hds_00_003_012_000,25.882984161376953,3,12,0,0,hds_00_003_012_000,l1 w !hds_00_003_012_000!,hds
hds_00_003_013_000,25.44624137878418,3,13,0,0,hds_00_003_013_000,l1 w !hds_00_003_013_000!,hds
hds_00_003_014_000,25.018367767333984,3,14,0,0,hds_00_003_014_000,l1 w !hds_00_003_014_000!,hds
hds_00_003_015_000,24.53285026550293,3,15,0,0,hds_00_003_015_000,l1 w !hds_00_003_015_000!,hds
hds_00_003_016_000,24.6154842376709,3,16,0,0,hds_00_003_016_000,l1 w !hds_00_003_016_000!,hds
hds_00_003_017_000,24.653608322143555,3,17,0,0,hds_00_003_017_000,l1 w !hds_00_003_017_000!,hds
hds_00_003_018_000,24.68077850341797,3,18,0,0,hds_00_003_018_000,l1 w !hds_00_003_018_000!,hds
hds_00_003_019_000,24.693912506103516,3,19,0,0,hds_00_003_019_000,l1 w !hds_00_003_019_000!,hds
hds_00_004_000_000,30.75752067565918,4,0,0,0,hds_00_004_000_000,l1 w !hds_00_004_000_000!,hds
hds_00_004_001_000,30.64759063720703,4,1,0,0,hds_00_004_001_000,l1 w !hds_00_004_001_000!,hds
hds_00_004_002_000,30.437744140625,4,2,0,0,hds_00_004_002_000,l1 w !hds_00_004_002_000!,hds
hds_00_004_003_000,30.147104263305664,4,3,0,0,hds_00_004_003_000,l1 w !hds_00_004_003_000!,hds
hds_00_004_004_000,29.81928825378418,4,4,0,0,hds_00_004_004_000,l1 w !hds_00_004_004_000!,hds
hds_00_004_005_000,29.410051345825195,4,5,0,0,hds_00_004_005_000,l1 w !hds_00_004_005_000!,hds
hds_00_004_006_000,28.895395278930664,4,6,0,0,hds_00_004_006_000,l1 w !hds_00_004_006_000!,hds
hds_00_004_007_000,28.413171768188477,4,7,0,0,hds_00_004_007_000,l1 w !hds_00_004_007_000!,hds
hds_00_004_008_000,27.77747344970703,4,8,0,0,hds_00_004_008_000,l1 w !hds_00_004_008_000!,hds
hds_00_004_009_000,27.157875061035156,4,9,0,0,hds_00_004_009_000,l1 w !hds_00_004_009_000!,hds
hds_00_004_010_000,26.623794555664062,4,10,0,0,hds_00_004_010_000,l1 w !hds_00_004_010_000!,hds
hds_00_004_011_000,26.155000686645508,4,11,0,0,hds_00_004_011_000,l1 w !hds_00_004_011_000!,hds
hds_00_004_012_000,25.677148818969727,4,12,0,0,hds_00_004_012_000,l1 w !hds_00_004_012_000!,hds
hds_00_004_013_000,25.23000717163086,4,13,0,0,hds_00_004_013_000,l1 w !hds_00_004_013_000!,hds
hds_00_004_014_000,24.803712844848633,4,14,0,0,hds_00_004_014_000,l1 w !hds_00_004_014_000!,hds
hds_00_004_015_000,24.299720764160156,4,15,0,0,hds_00_004_015_000,l1 w !hds_00_004_015_000!,hds
hds_00_004_016_000,24.3708438873291,4,16,0,0,hds_00_004_016_000,l1 w !hds_00_004_016_000!,hds
hds_00_004_017_000,24.452022552490234,4,17,0,0,hds_00_004_017_000,l1 w !hds_00_004_017_000!,hds
hds_00_004_018_000,24.48977279663086,4,18,0,0,hds_00_004_018_000,l1 w !hds_00_004_018_000!,hds
hds_00_004_019_000,24.512916564941406,4,19,0,0,hds_00_004_019_000,l1 w !hds_00_004_019_000!,hds
hds_00_005_000_000,30.861282348632812,5,0,0,0,hds_00_005_000_000,l1 w !hds_00_005_000_000!,hds
hds_00_005_001_000,30.776662826538086,5,1,0,0,hds_00_005_001_000,l1 w !hds_00_005_001_000!,hds
hds_00_005_002_000,30.558053970336914,5,2,0,0,hds_00_005_002_000,l1 w !hds_00_005_002_000!,hds
hds_00_005_003_000,30.257057189941406,5,3,0,0,hds_00_005_003_000,l1 w !hds_00_005_003_000!,hds
hds_00_005_004_000,29.882102966308594,5,4,0,0,hds_00_005_004_000,l1 w !hds_00_005_004_000!,hds
hds_00_005_005_000,29.41929817199707,5,5,0,0,hds_00_005_005_000,l1 w !hds_00_005_005_000!,hds
hds_00_005_006_000,28.876232147216797,5,6,0,0,hds_00_005_006_000,l1 w !hds_00_005_006_000!,hds
hds_00_005_007_000,28.234163284301758,5,7,0,0,hds_00_005_007_000,l1 w !hds_00_005_007_000!,hds
hds_00_005_008_000,27.640104293823242,5,8,0,0,hds_00_005_008_000,l1 w !hds_00_005_008_000!,hds
hds_00_005_009_000,26.95572280883789,5,9,0,0,hds_00_005_009_000,l1 w !hds_00_005_009_000!,hds
hds_00_005_010_000,26.360349655151367,5,10,0,0,hds_00_005_010_000,l1 w !hds_00_005_010_000!,hds
hds_00_005_011_000,25.891918182373047,5,11,0,0,hds_00_005_011_000,l1 w !hds_00_005_011_000!,hds
hds_00_005_012_000,25.416706085205078,5,12,0,0,hds_00_005_012_000,l1 w !hds_00_005_012_000!,hds
hds_00_005_013_000,24.983854293823242,5,13,0,0,hds_00_005_013_000,l1 w !hds_00_005_013_000!,hds
hds_00_005_014_000,24.546031951904297,5,14,0,0,hds_00_005_014_000,l1 w !hds_00_005_014_000!,hds
hds_00_005_015_000,24.034963607788086,5,15,0,0,hds_00_005_015_000,l1 w !hds_00_005_015_000!,hds
hds_00_005_016_000,24.121997833251953,5,16,0,0,hds_00_005_016_000,l1 w !hds_00_005_016_000!,hds
hds_00_005_017_000,24.20720863342285,5,17,0,0,hds_00_005_017_000,l1 w !hds_00_005_017_000!,hds
hds_00_005_018_000,24.283456802368164,5,18,0,0,hds_00_005_018_000,l1 w !hds_00_005_018_000!,hds
hds_00_005_019_000,24.30762481689453,5,19,0,0,hds_00_005_019_000,l1 w !hds_00_005_019_000!,hds
hds_00_006_000_000,30.972980499267578,6,0,0,0,hds_00_006_000_000,l1 w !hds_00_006_000_000!,hds
hds_00_006_001_000,30.88927459716797,6,1,0,0,hds_00_006_001_000,l1 w !hds_00_006_001_000!,hds
hds_00_006_002_000,30.71090316772461,6,2,0,0,hds_00_006_002_000,l1 w !hds_00_006_002_000!,hds
hds_00_006_003_000,30.390439987182617,6,3,0,0,hds_00_006_003_000,l1 w !hds_00_006_003_000!,hds
hds_00_006_004_000,29.973041534423828,6,4,0,0,hds_00_006_004_000,l1 w !hds_00_006_004_000!,hds
hds_00_006_005_000,29.40121841430664,6,5,0,0,hds_00_006_005_000,l1 w !hds_00_006_005_000!,hds
hds_00_006_006_000,28.829030990600586,6,6,0,0,hds_00_006_006_000,l1 w !hds_00_006_006_000!,hds
hds_00_006_007_000,28.04303741455078,6,7,0,0,hds_00_006_007_000,l1 w !hds_00_006_007_000!,hds
hds_00_006_008_000,27.34983253479004,6,8,0,0,hds_00_006_008_000,l1 w !hds_00_006_008_000!,hds
hds_00_006_009_000,26.62923240661621,6,9,0,0,hds_00_006_009_000,l1 w !hds_00_006_009_000!,hds
hds_00_006_010_000,26.058902740478516,6,10,0,0,hds_00_006_010_000,l1 w !hds_00_006_010_000!,hds
hds_00_006_011_000,25.562435150146484,6,11,0,0,hds_00_006_011_000,l1 w !hds_00_006_011_000!,hds
hds_00_006_012_000,25.09780502319336,6,12,0,0,hds_00_006_012_000,l1 w !hds_00_006_012_000!,hds
hds_00_006_013_000,24.66229820251465,6,13,0,0,hds_00_006_013_000,l1 w !hds_00_006_013_000!,hds
hds_00_006_014_000,24.184267044067383,6,14,0,0,hds_00_006_014_000,l1 w !hds_00_006_014_000!,hds
hds_00_006_015_000,23.7128963470459,6,15,0,0,hds_00_006_015_000,l1 w !hds_00_006_015_000!,hds
hds_00_006_016_000,23.836044311523438,6,16,0,0,hds_00_006_016_000,l1 w !hds_00_006_016_000!,hds
hds_00_006_017_000,23.951370239257812,6,17,0,0,hds_00_006_017_000,l1 w !hds_00_006_017_000!,hds
hds_00_006_018_000,24.033157348632812,6,18,0,0,hds_00_006_018_000,l1 w !hds_00_006_018_000!,hds
hds_00_006_019_000,24.072519302368164,6,19,0,0,hds_00_006_019_000,l1 w !hds_00_006_019_000!,hds
hds_00_007_000_000,31.141435623168945,7,0,0,0,hds_00_007_000_000,l1 w !hds_00_007_000_000!,hds
hds_00_007_001_000,31.047061920166016,7,1,0,0,hds_00_007_001_000,l1 w !hds_00_007_001_000!,hds
hds_00_007_002_000,30.88030242919922,7,2,0,0,hds_00_007_002_000,l1 w !hds_00_007_002_000!,hds
hds_00_007_003_000,30.592710494995117,7,3,0,0,hds_00_007_003_000,l1 w !hds_00_007_003_000!,hds
hds_00_007_004_000,30.05808448791504,7,4,0,0,hds_00_007_004_000,l1 w !hds_00_007_004_000!,hds
hds_00_007_005_000,29.421091079711914,7,5,0,0,hds_00_007_005_000,l1 w !hds_00_007_005_000!,hds
hds_00_007_006_000,28.7436466217041,7,6,0,0,hds_00_007_006_000,l1 w !hds_00_007_006_000!,hds
hds_00_007_007_000,27.755067825317383,7,7,0,0,hds_00_007_007_000,l1 w !hds_00_007_007_000!,hds
hds_00_007_008_000,26.914968490600586,7,8,0,0,hds_00_007_008_000,l1 w !hds_00_007_008_000!,hds
hds_00_007_009_000,26.22467041015625,7,9,0,0,hds_00_007_009_000,l1 w !hds_00_007_009_000!,hds
hds_00_007_010_000,25.670583724975586,7,10,0,0,hds_00_007_010_000,l1 w !hds_00_007_010_000!,hds
hds_00_007_011_000,25.167858123779297,7,11,0,0,hds_00_007_011_000,l1 w !hds_00_007_011_000!,hds
hds_00_007_012_000,24.72052001953125,7,12,0,0,hds_00_007_012_000,l1 w !hds_00_007_012_000!,hds
hds_00_007_013_000,24.24542236328125,7,13,0,0,hds_00_007_013_000,l1 w !hds_00_007_013_000!,hds
hds_00_007_014_000,23.737016677856445,7,14,0,0,hds_00_007_014_000,l1 w !hds_00_007_014_000!,hds
hds_00_007_015_000,23.260475158691406,7,15,0,0,hds_00_007_015_000,l1 w !hds_00_007_015_000!,hds
hds_00_007_016_000,23.448226928710938,7,16,0,0,hds_00_007_016_000,l1 w !hds_00_007_016_000!,hds
hds_00_007_017_000,23.653146743774414,7,17,0,0,hds_00_007_017_000,l1 w !hds_00_007_017_000!,hds
hds_00_007_018_000,23.7712345123291,7,18,0,0,hds_00_007_018_000,l1 w !hds_00_007_018_000!,hds
hds_00_007_019_000,23.836708068847656,7,19,0,0,hds_00_007_019_000,l1 w !hds_00_007_019_000!,hds
hds_00_008_000_000,31.294851303100586,8,0,0,0,hds_00_008_000_000,l1 w !hds_00_008_000_000!,hds
hds_00_008_001_000,31.230667114257812,8,1,0,0,hds_00_008_001_000,l1 w !hds_00_008_001_000!,hds
hds_00_008_002_000,31.121335983276367,8,2,0,0,hds_00_008_002_000,l1 w !hds_00_008_002_000!,hds
hds_00_008_003_000,31.029104232788086,8,3,0,0,hds_00_008_003_000,l1 w !hds_00_008_003_000!,hds
hds_00_008_007_000,26.94182586669922,8,7,0,0,hds_00_008_007_000,l1 w !hds_00_008_007_000!,hds
hds_00_008_008_000,26.207658767700195,8,8,0,0,hds_00_008_008_000,l1 w !hds_00_008_008_000!,hds
hds_00_008_009_000,25.734928131103516,8,9,0,0,hds_00_008_009_000,l1 w !hds_00_008_009_000!,hds
hds_00_008_010_000,25.257160186767578,8,10,0,0,hds_00_008_010_000,l1 w !hds_00_008_010_000!,hds
hds_00_008_011_000,24.75104522705078,8,11,0,0,hds_00_008_011_000,l1 w !hds_00_008_011_000!,hds
hds_00_008_012_000,24.279680252075195,8,12,0,0,hds_00_008_012_000,l1 w !hds_00_008_012_000!,hds
hds_00_008_013_000,23.825166702270508,8,13,0,0,hds_00_008_013_000,l1 w !hds_00_008_013_000!,hds
hds_00_008_014_000,23.246278762817383,8,14,0,0,hds_00_008_014_000,l1 w !hds_00_008_014_000!,hds
hds_00_008_015_000,22.214475631713867,8,15,0,0,hds_00_008_015_000,l1 w !hds_00_008_015_000!,hds
hds_00_008_016_000,23.008758544921875,8,16,0,0,hds_00_008_016_000,l1 w !hds_00_008_016_000!,hds
hds_00_008_017_000,23.345529556274414,8,17,0,0,hds_00_008_017_000,l1 w !hds_00_008_017_000!,hds
hds_00_008_018_000,23.52427101135254,8,18,0,0,hds_00_008_018_000,l1 w !hds_00_008_018_000!,hds
hds_00_008_019_000,23.596155166625977,8,19,0,0,hds_00_008_019_000,l1 w !hds_00_008_019_000!,hds
hds_00_009_000_000,31.44804573059082,9,0,0,0,hds_00_009_000_000,l1 w !hds_00_009_000_000!,hds
hds_00_009_001_000,31.396732330322266,9,1,0,0,hds_00_009_001_000,l1 w !hds_00_009_001_000!,hds
hds_00_009_002_000,31.34701156616211,9,2,0,0,hds_00_009_002_000,l1 w !hds_00_009_002_000!,hds
hds_00_009_003_000,31.285825729370117,9,3,0,0,hds_00_009_003_000,l1 w !hds_00_009_003_000!,hds
hds_00_009_008_000,25.55533790588379,9,8,0,0,hds_00_009_008_000,l1 w !hds_00_009_008_000!,hds
hds_00_009_009_000,25.261613845825195,9,9,0,0,hds_00_009_009_000,l1 w !hds_00_009_009_000!,hds
hds_00_009_010_000,24.820096969604492,9,10,0,0,hds_00_009_010_000,l1 w !hds_00_009_010_000!,hds
hds_00_009_011_000,24.320049285888672,9,11,0,0,hds_00_009_011_000,l1 w !hds_00_009_011_000!,hds
hds_00_009_012_000,23.756620407104492,9,12,0,0,hds_00_009_012_000,l1 w !hds_00_009_012_000!,hds
hds_00_009_013_000,23.441137313842773,9,13,0,0,hds_00_009_013_000,l1 w !hds_00_009_013_000!,hds
hds_00_009_014_000,23.094507217407227,9,14,0,0,hds_00_009_014_000,l1 w !hds_00_009_014_000!,hds
hds_00_009_015_000,22.713178634643555,9,15,0,0,hds_00_009_015_000,l1 w !hds_00_009_015_000!,hds
hds_00_009_016_000,22.944917678833008,9,16,0,0,hds_00_009_016_000,l1 w !hds_00_009_016_000!,hds
hds_00_009_017_000,23.16983413696289,9,17,0,0,hds_00_009_017_000,l1 w !hds_00_009_017_000!,hds
hds_00_009_018_000,23.323211669921875,9,18,0,0,hds_00_009_018_000,l1 w !hds_00_009_018_000!,hds
hds_00_009_019_000,23.39289093017578,9,19,0,0,hds_00_009_019_000,l1 w !hds_00_009_019_000!,hds
hds_00_010_000_000,31.552640914916992,10,0,0,0,hds_00_010_000_000,l1 w !hds_00_010_000_000!,hds
hds_00_010_001_000,31.52583885192871,10,1,0,0,hds_00_010_001_000,l1 w !hds_00_010_001_000!,hds
hds_00_010_002_000,31.490793228149414,10,2,0,0,hds_00_010_002_000,l1 w !hds_00_010_002_000!,hds
hds_00_010_003_000,31.466171264648438,10,3,0,0,hds_00_010_003_000,l1 w !hds_00_010_003_000!,hds
hds_00_010_008_000,25.065710067749023,10,8,0,0,hds_00_010_008_000,l1 w !hds_00_010_008_000!,hds
hds_00_010_009_000,24.8384952545166,10,9,0,0,hds_00_010_009_000,l1 w !hds_00_010_009_000!,hds
hds_00_010_010_000,24.452770233154297,10,10,0,0,hds_00_010_010_000,l1 w !hds_00_010_010_000!,hds
hds_00_010_011_000,23.856813430786133,10,11,0,0,hds_00_010_011_000,l1 w !hds_00_010_011_000!,hds
hds_00_010_012_000,22.783039093017578,10,12,0,0,hds_00_010_012_000,l1 w !hds_00_010_012_000!,hds
hds_00_010_013_000,23.05971336364746,10,13,0,0,hds_00_010_013_000,l1 w !hds_00_010_013_000!,hds
hds_00_010_014_000,22.90964698791504,10,14,0,0,hds_00_010_014_000,l1 w !hds_00_010_014_000!,hds
hds_00_010_015_000,22.646574020385742,10,15,0,0,hds_00_010_015_000,l1 w !hds_00_010_015_000!,hds
hds_00_010_016_000,22.831729888916016,10,16,0,0,hds_00_010_016_000,l1 w !hds_00_010_016_000!,hds
hds_00_010_017_000,23.00811767578125,10,17,0,0,hds_00_010_017_000,l1 w !hds_00_010_017_000!,hds
hds_00_010_018_000,23.13298797607422,10,18,0,0,hds_00_010_018_000,l1 w !hds_00_010_018_000!,hds
hds_00_010_019_000,23.200815200805664,10,19,0,0,hds_00_010_019_000,l1 w !hds_00_010_019_000!,hds
hds_00_011_000_000,31.597625732421875,11,0,0,0,hds_00_011_000_000,l1 w !hds_00_011_000_000!,hds
hds_00_011_001_000,31.59113121032715,11,1,0,0,hds_00_011_001_000,l1 w !hds_00_011_001_000!,hds
hds_00_011_002_000,31.57535171508789,11,2,0,0,hds_00_011_002_000,l1 w !hds_00_011_002_000!,hds
hds_00_011_003_000,31.558582305908203,11,3,0,0,hds_00_011_003_000,l1 w !hds_00_011_003_000!,hds
hds_00_011_008_000,24.68067741394043,11,8,0,0,hds_00_011_008_000,l1 w !hds_00_011_008_000!,hds
hds_00_011_009_000,24.510162353515625,11,9,0,0,hds_00_011_009_000,l1 w !hds_00_011_009_000!,hds
hds_00_011_010_000,24.178939819335938,11,10,0,0,hds_00_011_010_000,l1 w !hds_00_011_010_000!,hds
hds_00_011_011_000,23.74187660217285,11,11,0,0,hds_00_011_011_000,l1 w !hds_00_011_011_000!,hds
hds_00_011_012_000,23.208335876464844,11,12,0,0,hds_00_011_012_000,l1 w !hds_00_011_012_000!,hds
hds_00_011_013_000,22.998584747314453,11,13,0,0,hds_00_011_013_000,l1 w !hds_00_011_013_000!,hds
hds_00_011_014_000,22.770675659179688,11,14,0,0,hds_00_011_014_000,l1 w !hds_00_011_014_000!,hds
hds_00_011_015_000,22.458667755126953,11,15,0,0,hds_00_011_015_000,l1 w !hds_00_011_015_000!,hds
hds_00_011_016_000,22.679059982299805,11,16,0,0,hds_00_011_016_000,l1 w !hds_00_011_016_000!,hds
hds_00_011_017_000,22.82756233215332,11,17,0,0,hds_00_011_017_000,l1 w !hds_00_011_017_000!,hds
hds_00_011_018_000,22.945798873901367,11,18,0,0,hds_00_011_018_000,l1 w !hds_00_011_018_000!,hds
hds_00_011_019_000,22.999582290649414,11,19,0,0,hds_00_011_019_000,l1 w !hds_00_011_019_000!,hds
hds_00_012_000_000,31.60521125793457,12,0,0,0,hds_00_012_000_000,l1 w !hds_00_012_000_000!,hds
hds_00_012_001_000,31.60120391845703,12,1,0,0,hds_00_012_001_000,l1 w !hds_00_012_001_000!,hds
hds_00_012_002_000,31.59126091003418,12,2,0,0,hds_00_012_002_000,l1 w !hds_00_012_002_000!,hds
hds_00_012_003_000,31.575407028198242,12,3,0,0,hds_00_012_003_000,l1 w !hds_00_012_003_000!,hds
hds_00_012_008_000,24.410919189453125,12,8,0,0,hds_00_012_008_000,l1 w !hds_00_012_008_000!,hds
hds_00_012_009_000,24.27264976501465,12,9,0,0,hds_00_012_009_000,l1 w !hds_00_012_009_000!,hds
hds_00_012_010_000,23.97098731994629,12,10,0,0,hds_00_012_010_000,l1 w !hds_00_012_010_000!,hds
hds_00_012_011_000,23.611902236938477,12,11,0,0,hds_00_012_011_000,l1 w !hds_00_012_011_000!,hds
hds_00_012_012_000,23.241207122802734,12,12,0,0,hds_00_012_012_000,l1 w !hds_00_012_012_000!,hds
hds_00_012_013_000,22.924854278564453,12,13,0,0,hds_00_012_013_000,l1 w !hds_00_012_013_000!,hds
hds_00_012_014_000,22.621742248535156,12,14,0,0,hds_00_012_014_000,l1 w !hds_00_012_014_000!,hds
hds_00_012_015_000,22.26761817932129,12,15,0,0,hds_00_012_015_000,l1 w !hds_00_012_015_000!,hds
hds_00_012_016_000,22.489566802978516,12,16,0,0,hds_00_012_016_000,l1 w !hds_00_012_016_000!,hds
hds_00_012_017_000,22.639219284057617,12,17,0,0,hds_00_012_017_000,l1 w !hds_00_012_017_000!,hds
hds_00_012_018_000,22.748960494995117,12,18,0,0,hds_00_012_018_000,l1 w !hds_00_012_018_000!,hds
hds_00_012_019_000,22.803634643554688,12,19,0,0,hds_00_012_019_000,l1 w !hds_00_012_019_000!,hds
hds_00_013_000_000,31.563749313354492,13,0,0,0,hds_00_013_000_000,l1 w !hds_00_013_000_000!,hds
hds_00_013_001_000,31.56231117248535,13,1,0,0,hds_00_013_001_000,l1 w !hds_00_013_001_000!,hds
hds_00_013_002_000,31.546436309814453,13,2,0,0,hds_00_013_002_000,l1 w !hds_00_013_002_000!,hds
hds_00_013_003_000,31.53053855895996,13,3,0,0,hds_00_013_003_000,l1 w !hds_00_013_003_000!,hds
hds_00_013_008_000,24.21806526184082,13,8,0,0,hds_00_013_008_000,l1 w !hds_00_013_008_000!,hds
hds_00_013_009_000,24.07939910888672,13,9,0,0,hds_00_013_009_000,l1 w !hds_00_013_009_000!,hds
hds_00_013_010_000,23.81850814819336,13,10,0,0,hds_00_013_010_000,l1 w !hds_00_013_010_000!,hds
hds_00_013_011_000,23.50571632385254,13,11,0,0,hds_00_013_011_000,l1 w !hds_00_013_011_000!,hds
hds_00_013_012_000,23.147937774658203,13,12,0,0,hds_00_013_012_000,l1 w !hds_00_013_012_000!,hds
hds_00_013_013_000,22.802932739257812,13,13,0,0,hds_00_013_013_000,l1 w !hds_00_013_013_000!,hds
hds_00_013_014_000,22.46906280517578,13,14,0,0,hds_00_013_014_000,l1 w !hds_00_013_014_000!,hds
hds_00_013_015_000,22.06199073791504,13,15,0,0,hds_00_013_015_000,l1 w !hds_00_013_015_000!,hds
hds_00_013_016_000,22.297849655151367,13,16,0,0,hds_00_013_016_000,l1 w !hds_00_013_016_000!,hds
hds_00_013_017_000,22.448455810546875,13,17,0,0,hds_00_013_017_000,l1 w !hds_00_013_017_000!,hds
hds_00_013_018_000,22.539669036865234,13,18,0,0,hds_00_013_018_000,l1 w !hds_00_013_018_000!,hds
hds_00_013_019_000,22.580123901367188,13,19,0,0,hds_00_013_019_000,l1 w !hds_00_013_019_000!,hds
hds_00_014_000_000,31.4669132232666,14,0,0,0,hds_00_014_000_000,l1 w !hds_00_014_000_000!,hds
hds_00_014_001_000,31.466581344604492,14,1,0,0,hds_00_014_001_000,l1 w !hds_00_014_001_000!,hds
hds_00_014_002_000,31.4506778717041,14,2,0,0,hds_00_014_002_000,l1 w !hds_00_014_002_000!,hds
hds_00_014_003_000,31.441417694091797,14,3,0,0,hds_00_014_003_000,l1 w !hds_00_014_003_000!,hds
hds_00_014_008_000,24.05461311340332,14,8,0,0,hds_00_014_008_000,l1 w !hds_00_014_008_000!,hds
hds_00_014_009_000,23.92898178100586,14,9,0,0,hds_00_014_009_000,l1 w !hds_00_014_009_000!,hds
hds_00_014_010_000,23.664052963256836,14,10,0,0,hds_00_014_010_000,l1 w !hds_00_014_010_000!,hds
hds_00_014_011_000,23.352001190185547,14,11,0,0,hds_00_014_011_000,l1 w !hds_00_014_011_000!,hds
hds_00_014_012_000,23.016502380371094,14,12,0,0,hds_00_014_012_000,l1 w !hds_00_014_012_000!,hds
hds_00_014_013_000,22.65929412841797,14,13,0,0,hds_00_014_013_000,l1 w !hds_00_014_013_000!,hds
hds_00_014_014_000,22.265399932861328,14,14,0,0,hds_00_014_014_000,l1 w !hds_00_014_014_000!,hds
hds_00_014_015_000,21.811012268066406,14,15,0,0,hds_00_014_015_000,l1 w !hds_00_014_015_000!,hds
hds_00_014_016_000,22.08710479736328,14,16,0,0,hds_00_014_016_000,l1 w !hds_00_014_016_000!,hds
hds_00_014_017_000,22.24199104309082,14,17,0,0,hds_00_014_017_000,l1 w !hds_00_014_017_000!,hds
hds_00_014_018_000,22.338117599487305,14,18,0,0,hds_00_014_018_000,l1 w !hds_00_014_018_000!,hds
hds_00_014_019_000,22.3792724609375,14,19,0,0,hds_00_014_019_000,l1 w !hds_00_014_019_000!,hds
hds_00_015_000_000,31.328298568725586,15,0,0,0,hds_00_015_000_000,l1 w !hds_00_015_000_000!,hds
hds_00_015_001_000,31.32438087463379,15,1,0,0,hds_00_015_001_000,l1 w !hds_00_015_001_000!,hds
hds_00_015_002_000,31.309297561645508,15,2,0,0,hds_00_015_002_000,l1 w !hds_00_015_002_000!,hds
hds_00_015_003_000,31.304800033569336,15,3,0,0,hds_00_015_003_000,l1 w !hds_00_015_003_000!,hds
hds_00_015_008_000,23.924367904663086,15,8,0,0,hds_00_015_008_000,l1 w !hds_00_015_008_000!,hds
hds_00_015_009_000,23.782705307006836,15,9,0,0,hds_00_015_009_000,l1 w !hds_00_015_009_000!,hds
hds_00_015_010_000,23.516952514648438,15,10,0,0,hds_00_015_010_000,l1 w !hds_00_015_010_000!,hds
hds_00_015_011_000,23.179306030273438,15,11,0,0,hds_00_015_011_000,l1 w !hds_00_015_011_000!,hds
hds_00_015_012_000,22.832881927490234,15,12,0,0,hds_00_015_012_000,l1 w !hds_00_015_012_000!,hds
hds_00_015_013_000,22.452404022216797,15,13,0,0,hds_00_015_013_000,l1 w !hds_00_015_013_000!,hds
hds_00_015_014_000,22.03898048400879,15,14,0,0,hds_00_015_014_000,l1 w !hds_00_015_014_000!,hds
hds_00_015_015_000,21.560775756835938,15,15,0,0,hds_00_015_015_000,l1 w !hds_00_015_015_000!,hds
hds_00_015_016_000,21.85443115234375,15,16,0,0,hds_00_015_016_000,l1 w !hds_00_015_016_000!,hds
hds_00_015_017_000,22.028947830200195,15,17,0,0,hds_00_015_017_000,l1 w !hds_00_015_017_000!,hds
hds_00_015_018_000,22.135164260864258,15,18,0,0,hds_00_015_018_000,l1 w !hds_00_015_018_000!,hds
hds_00_015_019_000,22.18036651611328,15,19,0,0,hds_00_015_019_000,l1 w !hds_00_015_019_000!,hds
hds_00_016_000_000,31.12852668762207,16,0,0,0,hds_00_016_000_000,l1 w !hds_00_016_000_000!,hds
hds_00_016_001_000,31.115434646606445,16,1,0,0,hds_00_016_001_000,l1 w !hds_00_016_001_000!,hds
hds_00_016_002_000,31.112823486328125,16,2,0,0,hds_00_016_002_000,l1 w !hds_00_016_002_000!,hds
hds_00_016_003_000,31.117454528808594,16,3,0,0,hds_00_016_003_000,l1 w !hds_00_016_003_000!,hds
hds_00_016_008_000,23.820533752441406,16,8,0,0,hds_00_016_008_000,l1 w !hds_00_016_008_000!,hds
hds_00_016_009_000,23.68141746520996,16,9,0,0,hds_00_016_009_000,l1 w !hds_00_016_009_000!,hds
hds_00_016_010_000,23.36927032470703,16,10,0,0,hds_00_016_010_000,l1 w !hds_00_016_010_000!,hds
hds_00_016_011_000,23.00632667541504,16,11,0,0,hds_00_016_011_000,l1 w !hds_00_016_011_000!,hds
hds_00_016_012_000,22.62086296081543,16,12,0,0,hds_00_016_012_000,l1 w !hds_00_016_012_000!,hds
hds_00_016_013_000,22.20444679260254,16,13,0,0,hds_00_016_013_000,l1 w !hds_00_016_013_000!,hds
hds_00_016_014_000,21.77938461303711,16,14,0,0,hds_00_016_014_000,l1 w !hds_00_016_014_000!,hds
hds_00_016_015_000,21.297609329223633,16,15,0,0,hds_00_016_015_000,l1 w !hds_00_016_015_000!,hds
hds_00_016_016_000,21.60533332824707,16,16,0,0,hds_00_016_016_000,l1 w !hds_00_016_016_000!,hds
hds_00_016_017_000,21.813438415527344,16,17,0,0,hds_00_016_017_000,l1 w !hds_00_016_017_000!,hds
hds_00_016_018_000,21.92294692993164,16,18,0,0,hds_00_016_018_000,l1 w !hds_00_016_018_000!,hds
hds_00_016_019_000,21.968475341796875,16,19,0,0,hds_00_016_019_000,l1 w !hds_00_016_019_000!,hds
hds_00_017_000_000,30.90726089477539,17,0,0,0,hds_00_017_000_000,l1 w !hds_00_017_000_000!,hds
hds_00_017_001_000,30.891435623168945,17,1,0,0,hds_00_017_001_000,l1 w !hds_00_017_001_000!,hds
hds_00_017_002_000,30.87175750732422,17,2,0,0,hds_00_017_002_000,l1 w !hds_00_017_002_000!,hds
hds_00_017_003_000,30.87586212158203,17,3,0,0,hds_00_017_003_000,l1 w !hds_00_017_003_000!,hds
hds_00_017_008_000,23.779842376708984,17,8,0,0,hds_00_017_008_000,l1 w !hds_00_017_008_000!,hds
hds_00_017_009_000,23.61103057861328,17,9,0,0,hds_00_017_009_000,l1 w !hds_00_017_009_000!,hds
hds_00_017_010_000,23.276336669921875,17,10,0,0,hds_00_017_010_000,l1 w !hds_00_017_010_000!,hds
hds_00_017_011_000,22.851362228393555,17,11,0,0,hds_00_017_011_000,l1 w !hds_00_017_011_000!,hds
hds_00_017_012_000,22.35708999633789,17,12,0,0,hds_00_017_012_000,l1 w !hds_00_017_012_000!,hds
hds_00_017_013_000,21.883907318115234,17,13,0,0,hds_00_017_013_000,l1 w !hds_00_017_013_000!,hds
hds_00_017_014_000,21.4747314453125,17,14,0,0,hds_00_017_014_000,l1 w !hds_00_017_014_000!,hds
hds_00_017_015_000,21.05010223388672,17,15,0,0,hds_00_017_015_000,l1 w !hds_00_017_015_000!,hds
hds_00_017_016_000,21.34890365600586,17,16,0,0,hds_00_017_016_000,l1 w !hds_00_017_016_000!,hds
hds_00_017_017_000,21.57607650756836,17,17,0,0,hds_00_017_017_000,l1 w !hds_00_017_017_000!,hds
hds_00_017_018_000,21.700666427612305,17,18,0,0,hds_00_017_018_000,l1 w !hds_00_017_018_000!,hds
hds_00_017_019_000,21.76068687438965,17,19,0,0,hds_00_017_019_000,l1 w !hds_00_017_019_000!,hds
hds_00_018_000_000,30.62970733642578,18,0,0,0,hds_00_018_000_000,l1 w !hds_00_018_000_000!,hds
hds_00_018_001_000,30.61564826965332,18,1,0,0,hds_00_018_001_000,l1 w !hds_00_018_001_000!,hds
hds_00_018_002_000,30.591123580932617,18,2,0,0,hds_00_018_002_000,l1 w !hds_00_018_002_000!,hds
hds_00_018_003_000,30.580425262451172,18,3,0,0,hds_00_018_003_000,l1 w !hds_00_018_003_000!,hds
hds_00_018_008_000,23.79926872253418,18,8,0,0,hds_00_018_008_000,l1 w !hds_00_018_008_000!,hds
hds_00_018_009_000,23.604774475097656,18,9,0,0,hds_00_018_009_000,l1 w !hds_00_018_009_000!,hds
hds_00_018_010_000,23.230924606323242,18,10,0,0,hds_00_018_010_000,l1 w !hds_00_018_010_000!,hds
hds_00_018_011_000,22.69691276550293,18,11,0,0,hds_00_018_011_000,l1 w !hds_00_018_011_000!,hds
hds_00_018_012_000,22.0362606048584,18,12,0,0,hds_00_018_012_000,l1 w !hds_00_018_012_000!,hds
hds_00_018_013_000,21.408815383911133,18,13,0,0,hds_00_018_013_000,l1 w !hds_00_018_013_000!,hds
hds_00_018_014_000,21.123451232910156,18,14,0,0,hds_00_018_014_000,l1 w !hds_00_018_014_000!,hds
hds_00_018_015_000,20.78596305847168,18,15,0,0,hds_00_018_015_000,l1 w !hds_00_018_015_000!,hds
hds_00_018_016_000,21.115184783935547,18,16,0,0,hds_00_018_016_000,l1 w !hds_00_018_016_000!,hds
hds_00_018_017_000,21.358366012573242,18,17,0,0,hds_00_018_017_000,l1 w !hds_00_018_017_000!,hds
hds_00_018_018_000,21.492834091186523,18,18,0,0,hds_00_018_018_000,l1 w !hds_00_018_018_000!,hds
hds_00_018_019_000,21.561981201171875,18,19,0,0,hds_00_018_019_000,l1 w !hds_00_018_019_000!,hds
hds_00_019_000_000,30.309860229492188,19,0,0,0,hds_00_019_000_000,l1 w !hds_00_019_000_000!,hds
hds_00_019_001_000,30.28710174560547,19,1,0,0,hds_00_019_001_000,l1 w !hds_00_019_001_000!,hds
hds_00_019_002_000,30.243694305419922,19,2,0,0,hds_00_019_002_000,l1 w !hds_00_019_002_000!,hds
hds_00_019_003_000,30.217239379882812,19,3,0,0,hds_00_019_003_000,l1 w !hds_00_019_003_000!,hds
hds_00_019_008_000,23.89974021911621,19,8,0,0,hds_00_019_008_000,l1 w !hds_00_019_008_000!,hds
hds_00_019_009_000,23.667104721069336,19,9,0,0,hds_00_019_009_000,l1 w !hds_00_019_009_000!,hds
hds_00_019_010_000,23.22784996032715,19,10,0,0,hds_00_019_010_000,l1 w !hds_00_019_010_000!,hds
hds_00_019_011_000,22.586645126342773,19,11,0,0,hds_00_019_011_000,l1 w !hds_00_019_011_000!,hds
hds_00_019_012_000,21.717742919921875,19,12,0,0,hds_00_019_012_000,l1 w !hds_00_019_012_000!,hds
hds_00_019_013_000,20.530550003051758,19,13,0,0,hds_00_019_013_000,l1 w !hds_00_019_013_000!,hds
hds_00_019_014_000,20.75105094909668,19,14,0,0,hds_00_019_014_000,l1 w !hds_00_019_014_000!,hds
hds_00_019_015_000,20.520254135131836,19,15,0,0,hds_00_019_015_000,l1 w !hds_00_019_015_000!,hds
hds_00_019_016_000,20.88312530517578,19,16,0,0,hds_00_019_016_000,l1 w !hds_00_019_016_000!,hds
hds_00_019_017_000,21.145893096923828,19,17,0,0,hds_00_019_017_000,l1 w !hds_00_019_017_000!,hds
hds_00_019_018_000,21.298484802246094,19,18,0,0,hds_00_019_018_000,l1 w !hds_00_019_018_000!,hds
hds_00_019_019_000,21.35552978515625,19,19,0,0,hds_00_019_019_000,l1 w !hds_00_019_019_000!,hds
hds_00_020_000_000,29.945297241210938,20,0,0,0,hds_00_020_000_000,l1 w !hds_00_020_000_000!,hds
hds_00_020_001_000,29.91789436340332,20,1,0,0,hds_00_020_001_000,l1 w !hds_00_020_001_000!,hds
hds_00_020_002_000,29.865299224853516,20,2,0,0,hds_00_020_002_000,l1 w !hds_00_020_002_000!,hds
hds_00_020_003_000,29.810453414916992,20,3,0,0,hds_00_020_003_000,l1 w !hds_00_020_003_000!,hds
hds_00_020_008_000,24.09903335571289,20,8,0,0,hds_00_020_008_000,l1 w !hds_00_020_008_000!,hds
hds_00_020_009_000,23.794252395629883,20,9,0,0,hds_00_020_009_000,l1 w !hds_00_020_009_000!,hds
hds_00_020_010_000,23.309494018554688,20,10,0,0,hds_00_020_010_000,l1 w !hds_00_020_010_000!,hds
hds_00_020_011_000,22.669654846191406,20,11,0,0,hds_00_020_011_000,l1 w !hds_00_020_011_000!,hds
hds_00_020_012_000,21.831268310546875,20,12,0,0,hds_00_020_012_000,l1 w !hds_00_020_012_000!,hds
hds_00_020_013_000,21.036046981811523,20,13,0,0,hds_00_020_013_000,l1 w !hds_00_020_013_000!,hds
hds_00_020_014_000,20.724971771240234,20,14,0,0,hds_00_020_014_000,l1 w !hds_00_020_014_000!,hds
hds_00_020_015_000,20.315876007080078,20,15,0,0,hds_00_020_015_000,l1 w !hds_00_020_015_000!,hds
hds_00_020_016_000,20.675621032714844,20,16,0,0,hds_00_020_016_000,l1 w !hds_00_020_016_000!,hds
hds_00_020_017_000,20.93282127380371,20,17,0,0,hds_00_020_017_000,l1 w !hds_00_020_017_000!,hds
hds_00_020_018_000,21.09244155883789,20,18,0,0,hds_00_020_018_000,l1 w !hds_00_020_018_000!,hds
hds_00_020_019_000,21.1588077545166,20,19,0,0,hds_00_020_019_000,l1 w !hds_00_020_019_000!,hds
hds_00_021_000_000,29.590091705322266,21,0,0,0,hds_00_021_000_000,l1 w !hds_00_021_000_000!,hds
hds_00_021_001_000,29.515417098999023,21,1,0,0,hds_00_021_001_000,l1 w !hds_00_021_001_000!,hds
hds_00_021_002_000,29.41175651550293,21,2,0,0,hds_00_021_002_000,l1 w !hds_00_021_002_000!,hds
hds_00_021_003_000,29.33389663696289,21,3,0,0,hds_00_021_003_000,l1 w !hds_00_021_003_000!,hds
hds_00_021_006_000,25.29752540588379,21,6,0,0,hds_00_021_006_000,l1 w !hds_00_021_006_000!,hds
hds_00_021_007_000,25.027488708496094,21,7,0,0,hds_00_021_007_000,l1 w !hds_00_021_007_000!,hds
hds_00_021_008_000,24.43474578857422,21,8,0,0,hds_00_021_008_000,l1 w !hds_00_021_008_000!,hds
hds_00_021_009_000,24.01011085510254,21,9,0,0,hds_00_021_009_000,l1 w !hds_00_021_009_000!,hds
hds_00_021_010_000,23.421798706054688,21,10,0,0,hds_00_021_010_000,l1 w !hds_00_021_010_000!,hds
hds_00_021_011_000,22.74483299255371,21,11,0,0,hds_00_021_011_000,l1 w !hds_00_021_011_000!,hds
hds_00_021_012_000,21.922794342041016,21,12,0,0,hds_00_021_012_000,l1 w !hds_00_021_012_000!,hds
hds_00_021_013_000,21.1970272064209,21,13,0,0,hds_00_021_013_000,l1 w !hds_00_021_013_000!,hds
hds_00_021_014_000,20.68930435180664,21,14,0,0,hds_00_021_014_000,l1 w !hds_00_021_014_000!,hds
hds_00_021_015_000,20.126951217651367,21,15,0,0,hds_00_021_015_000,l1 w !hds_00_021_015_000!,hds
hds_00_021_016_000,20.492429733276367,21,16,0,0,hds_00_021_016_000,l1 w !hds_00_021_016_000!,hds
hds_00_021_017_000,20.733787536621094,21,17,0,0,hds_00_021_017_000,l1 w !hds_00_021_017_000!,hds
hds_00_021_018_000,20.88262176513672,21,18,0,0,hds_00_021_018_000,l1 w !hds_00_021_018_000!,hds
hds_00_021_019_000,20.962528228759766,21,19,0,0,hds_00_021_019_000,l1 w !hds_00_021_019_000!,hds
hds_00_022_000_000,29.155982971191406,22,0,0,0,hds_00_022_000_000,l1 w !hds_00_022_000_000!,hds
hds_00_022_001_000,29.084537506103516,22,1,0,0,hds_00_022_001_000,l1 w !hds_00_022_001_000!,hds
hds_00_022_002_000,28.950138092041016,22,2,0,0,hds_00_022_002_000,l1 w !hds_00_022_002_000!,hds
hds_00_022_003_000,28.736093521118164,22,3,0,0,hds_00_022_003_000,l1 w !hds_00_022_003_000!,hds
hds_00_022_004_000,28.26616859436035,22,4,0,0,hds_00_022_004_000,l1 w !hds_00_022_004_000!,hds
hds_00_022_006_000,25.50334358215332,22,6,0,0,hds_00_022_006_000,l1 w !hds_00_022_006_000!,hds
hds_00_022_007_000,25.1810359954834,22,7,0,0,hds_00_022_007_000,l1 w !hds_00_022_007_000!,hds
hds_00_022_008_000,24.631710052490234,22,8,0,0,hds_00_022_008_000,l1 w !hds_00_022_008_000!,hds
hds_00_022_009_000,24.15711784362793,22,9,0,0,hds_00_022_009_000,l1 w !hds_00_022_009_000!,hds
hds_00_022_010_000,23.49919319152832,22,10,0,0,hds_00_022_010_000,l1 w !hds_00_022_010_000!,hds
hds_00_022_011_000,22.809894561767578,22,11,0,0,hds_00_022_011_000,l1 w !hds_00_022_011_000!,hds
hds_00_022_012_000,21.96256446838379,22,12,0,0,hds_00_022_012_000,l1 w !hds_00_022_012_000!,hds
hds_00_022_013_000,21.20851707458496,22,13,0,0,hds_00_022_013_000,l1 w !hds_00_022_013_000!,hds
hds_00_022_014_000,20.610912322998047,22,14,0,0,hds_00_022_014_000,l1 w !hds_00_022_014_000!,hds
hds_00_022_015_000,19.93069839477539,22,15,0,0,hds_00_022_015_000,l1 w !hds_00_022_015_000!,hds
hds_00_022_016_000,20.290735244750977,22,16,0,0,hds_00_022_016_000,l1 w !hds_00_022_016_000!,hds
hds_00_022_017_000,20.5582218170166,22,17,0,0,hds_00_022_017_000,l1 w !hds_00_022_017_000!,hds
hds_00_022_018_000,20.699548721313477,22,18,0,0,hds_00_022_018_000,l1 w !hds_00_022_018_000!,hds
hds_00_022_019_000,20.777437210083008,22,19,0,0,hds_00_022_019_000,l1 w !hds_00_022_019_000!,hds
hds_00_023_000_000,28.79452896118164,23,0,0,0,hds_00_023_000_000,l1 w !hds_00_023_000_000!,hds
hds_00_023_001_000,28.689504623413086,23,1,0,0,hds_00_023_001_000,l1 w !hds_00_023_001_000!,hds
hds_00_023_002_000,28.51848602294922,23,2,0,0,hds_00_023_002_000,l1 w !hds_00_023_002_000!,hds
hds_00_023_003_000,28.246929168701172,23,3,0,0,hds_00_023_003_000,l1 w !hds_00_023_003_000!,hds
hds_00_023_004_000,27.714689254760742,23,4,0,0,hds_00_023_004_000,l1 w !hds_00_023_004_000!,hds
hds_00_023_005_000,26.82594108581543,23,5,0,0,hds_00_023_005_000,l1 w !hds_00_023_005_000!,hds
hds_00_023_006_000,25.956422805786133,23,6,0,0,hds_00_023_006_000,l1 w !hds_00_023_006_000!,hds
hds_00_023_007_000,25.31725311279297,23,7,0,0,hds_00_023_007_000,l1 w !hds_00_023_007_000!,hds
hds_00_023_008_000,24.797237396240234,23,8,0,0,hds_00_023_008_000,l1 w !hds_00_023_008_000!,hds
hds_00_023_009_000,24.216440200805664,23,9,0,0,hds_00_023_009_000,l1 w !hds_00_023_009_000!,hds
hds_00_023_010_000,23.52852439880371,23,10,0,0,hds_00_023_010_000,l1 w !hds_00_023_010_000!,hds
hds_00_023_011_000,22.799793243408203,23,11,0,0,hds_00_023_011_000,l1 w !hds_00_023_011_000!,hds
hds_00_023_012_000,21.967275619506836,23,12,0,0,hds_00_023_012_000,l1 w !hds_00_023_012_000!,hds
hds_00_023_013_000,21.173433303833008,23,13,0,0,hds_00_023_013_000,l1 w !hds_00_023_013_000!,hds
hds_00_023_014_000,20.533472061157227,23,14,0,0,hds_00_023_014_000,l1 w !hds_00_023_014_000!,hds
hds_00_023_015_000,19.71061897277832,23,15,0,0,hds_00_023_015_000,l1 w !hds_00_023_015_000!,hds
hds_00_023_016_000,20.093299865722656,23,16,0,0,hds_00_023_016_000,l1 w !hds_00_023_016_000!,hds
hds_00_023_017_000,20.35582733154297,23,17,0,0,hds_00_023_017_000,l1 w !hds_00_023_017_000!,hds
hds_00_023_018_000,20.52020835876465,23,18,0,0,hds_00_023_018_000,l1 w !hds_00_023_018_000!,hds
hds_00_023_019_000,20.596986770629883,23,19,0,0,hds_00_023_019_000,l1 w !hds_00_023_019_000!,hds
hds_00_024_000_000,28.431550979614258,24,0,0,0,hds_00_024_000_000,l1 w !hds_00_024_000_000!,hds
hds_00_024_001_000,28.3201904296875,24,1,0,0,hds_00_024_001_000,l1 w !hds_00_024_001_000!,hds
hds_00_024_002_000,28.12274932861328,24,2,0,0,hds_00_024_002_000,l1 w !hds_00_024_002_000!,hds
hds_00_024_003_000,27.872236251831055,24,3,0,0,hds_00_024_003_000,l1 w !hds_00_024_003_000!,hds
hds_00_024_004_000,27.323312759399414,24,4,0,0,hds_00_024_004_000,l1 w !hds_00_024_004_000!,hds
hds_00_024_005_000,26.635211944580078,24,5,0,0,hds_00_024_005_000,l1 w !hds_00_024_005_000!,hds
hds_00_024_006_000,26.035707473754883,24,6,0,0,hds_00_024_006_000,l1 w !hds_00_024_006_000!,hds
hds_00_024_007_000,25.44613265991211,24,7,0,0,hds_00_024_007_000,l1 w !hds_00_024_007_000!,hds
hds_00_024_008_000,24.837505340576172,24,8,0,0,hds_00_024_008_000,l1 w !hds_00_024_008_000!,hds
hds_00_024_009_000,24.1466007232666,24,9,0,0,hds_00_024_009_000,l1 w !hds_00_024_009_000!,hds
hds_00_024_010_000,23.50804901123047,24,10,0,0,hds_00_024_010_000,l1 w !hds_00_024_010_000!,hds
hds_00_024_011_000,22.753278732299805,24,11,0,0,hds_00_024_011_000,l1 w !hds_00_024_011_000!,hds
hds_00_024_012_000,21.9013671875,24,12,0,0,hds_00_024_012_000,l1 w !hds_00_024_012_000!,hds
hds_00_024_013_000,21.07921600341797,24,13,0,0,hds_00_024_013_000,l1 w !hds_00_024_013_000!,hds
hds_00_024_014_000,20.400562286376953,24,14,0,0,hds_00_024_014_000,l1 w !hds_00_024_014_000!,hds
hds_00_024_015_000,19.48548126220703,24,15,0,0,hds_00_024_015_000,l1 w !hds_00_024_015_000!,hds
hds_00_024_016_000,19.91608428955078,24,16,0,0,hds_00_024_016_000,l1 w !hds_00_024_016_000!,hds
hds_00_024_017_000,20.168346405029297,24,17,0,0,hds_00_024_017_000,l1 w !hds_00_024_017_000!,hds
hds_00_024_018_000,20.338953018188477,24,18,0,0,hds_00_024_018_000,l1 w !hds_00_024_018_000!,hds
hds_00_024_019_000,20.413524627685547,24,19,0,0,hds_00_024_019_000,l1 w !hds_00_024_019_000!,hds
hds_00_025_000_000,28.08594512939453,25,0,0,0,hds_00_025_000_000,l1 w !hds_00_025_000_000!,hds
hds_00_025_001_000,27.983211517333984,25,1,0,0,hds_00_025_001_000,l1 w !hds_00_025_001_000!,hds
hds_00_025_002_000,27.80530548095703,25,2,0,0,hds_00_025_002_000,l1 w !hds_00_025_002_000!,hds
hds_00_025_003_000,27.44292449951172,25,3,0,0,hds_00_025_003_000,l1 w !hds_00_025_003_000!,hds
hds_00_025_004_000,27.001937866210938,25,4,0,0,hds_00_025_004_000,l1 w !hds_00_025_004_000!,hds
hds_00_025_005_000,26.497745513916016,25,5,0,0,hds_00_025_005_000,l1 w !hds_00_025_005_000!,hds
hds_00_025_006_000,25.992076873779297,25,6,0,0,hds_00_025_006_000,l1 w !hds_00_025_006_000!,hds
hds_00_025_007_000,25.429319381713867,25,7,0,0,hds_00_025_007_000,l1 w !hds_00_025_007_000!,hds
hds_00_025_008_000,24.802885055541992,25,8,0,0,hds_00_025_008_000,l1 w !hds_00_025_008_000!,hds
hds_00_025_009_000,24.032318115234375,25,9,0,0,hds_00_025_009_000,l1 w !hds_00_025_009_000!,hds
hds_00_025_010_000,23.403491973876953,25,10,0,0,hds_00_025_010_000,l1 w !hds_00_025_010_000!,hds
hds_00_025_011_000,22.60066032409668,25,11,0,0,hds_00_025_011_000,l1 w !hds_00_025_011_000!,hds
hds_00_025_012_000,21.770599365234375,25,12,0,0,hds_00_025_012_000,l1 w !hds_00_025_012_000!,hds
hds_00_025_013_000,20.9783935546875,25,13,0,0,hds_00_025_013_000,l1 w !hds_00_025_013_000!,hds
hds_00_025_014_000,20.26517677307129,25,14,0,0,hds_00_025_014_000,l1 w !hds_00_025_014_000!,hds
hds_00_025_015_000,19.26714515686035,25,15,0,0,hds_00_025_015_000,l1 w !hds_00_025_015_000!,hds
hds_00_025_016_000,19.717308044433594,25,16,0,0,hds_00_025_016_000,l1 w !hds_00_025_016_000!,hds
hds_00_025_017_000,19.989877700805664,25,17,0,0,hds_00_025_017_000,l1 w !hds_00_025_017_000!,hds
hds_00_025_018_000,20.171443939208984,25,18,0,0,hds_00_025_018_000,l1 w !hds_00_025_018_000!,hds
hds_00_025_019_000,20.24757957458496,25,19,0,0,hds_00_025_019_000,l1 w !hds_00_025_019_000!,hds
hds_00_026_000_000,27.74679183959961,26,0,0,0,hds_00_026_000_000,l1 w !hds_00_026_000_000!,hds
hds_00_026_001_000,27.642738342285156,26,1,0,0,hds_00_026_001_000,l1 w !hds_00_026_001_000!,hds
hds_00_026_002_000,27.457429885864258,26,2,0,0,hds_00_026_002_000,l1 w !hds_00_026_002_000!,hds
hds_00_026_003_000,27.18160057067871,26,3,0,0,hds_00_026_003_000,l1 w !hds_00_026_003_000!,hds
hds_00_026_004_000,26.772302627563477,26,4,0,0,hds_00_026_004_000,l1 w !hds_00_026_004_000!,hds
hds_00_026_005_000,26.350608825683594,26,5,0,0,hds_00_026_005_000,l1 w !hds_00_026_005_000!,hds
hds_00_026_006_000,25.917713165283203,26,6,0,0,hds_00_026_006_000,l1 w !hds_00_026_006_000!,hds
hds_00_026_007_000,25.380369186401367,26,7,0,0,hds_00_026_007_000,l1 w !hds_00_026_007_000!,hds
hds_00_026_008_000,24.75514793395996,26,8,0,0,hds_00_026_008_000,l1 w !hds_00_026_008_000!,hds
hds_00_026_009_000,24.161298751831055,26,9,0,0,hds_00_026_009_000,l1 w !hds_00_026_009_000!,hds
hds_00_026_010_000,23.255359649658203,26,10,0,0,hds_00_026_010_000,l1 w !hds_00_026_010_000!,hds
hds_00_026_011_000,22.34654998779297,26,11,0,0,hds_00_026_011_000,l1 w !hds_00_026_011_000!,hds
hds_00_026_012_000,21.652708053588867,26,12,0,0,hds_00_026_012_000,l1 w !hds_00_026_012_000!,hds
hds_00_026_013_000,20.875118255615234,26,13,0,0,hds_00_026_013_000,l1 w !hds_00_026_013_000!,hds
hds_00_026_014_000,20.044721603393555,26,14,0,0,hds_00_026_014_000,l1 w !hds_00_026_014_000!,hds
hds_00_026_015_000,18.98834991455078,26,15,0,0,hds_00_026_015_000,l1 w !hds_00_026_015_000!,hds
hds_00_026_016_000,19.516063690185547,26,16,0,0,hds_00_026_016_000,l1 w !hds_00_026_016_000!,hds
hds_00_026_017_000,19.817163467407227,26,17,0,0,hds_00_026_017_000,l1 w !hds_00_026_017_000!,hds
hds_00_026_018_000,19.99625587463379,26,18,0,0,hds_00_026_018_000,l1 w !hds_00_026_018_000!,hds
hds_00_026_019_000,20.08199691772461,26,19,0,0,hds_00_026_019_000,l1 w !hds_00_026_019_000!,hds
hds_00_027_000_000,27.44329071044922,27,0,0,0,hds_00_027_000_000,l1 w !hds_00_027_000_000!,hds
hds_00_027_001_000,27.331729888916016,27,1,0,0,hds_00_027_001_000,l1 w !hds_00_027_001_000!,hds
hds_00_027_002_000,27.15504264831543,27,2,0,0,hds_00_027_002_000,l1 w !hds_00_027_002_000!,hds
hds_00_027_003_000,26.89508056640625,27,3,0,0,hds_00_027_003_000,l1 w !hds_00_027_003_000!,hds
hds_00_027_004_000,26.543413162231445,27,4,0,0,hds_00_027_004_000,l1 w !hds_00_027_004_000!,hds
hds_00_027_005_000,26.209877014160156,27,5,0,0,hds_00_027_005_000,l1 w !hds_00_027_005_000!,hds
hds_00_027_006_000,25.82428550720215,27,6,0,0,hds_00_027_006_000,l1 w !hds_00_027_006_000!,hds
hds_00_027_007_000,25.238304138183594,27,7,0,0,hds_00_027_007_000,l1 w !hds_00_027_007_000!,hds
hds_00_027_008_000,24.579788208007812,27,8,0,0,hds_00_027_008_000,l1 w !hds_00_027_008_000!,hds
hds_00_027_009_000,23.913843154907227,27,9,0,0,hds_00_027_009_000,l1 w !hds_00_027_009_000!,hds
hds_00_027_010_000,23.02076530456543,27,10,0,0,hds_00_027_010_000,l1 w !hds_00_027_010_000!,hds
hds_00_027_011_000,22.184965133666992,27,11,0,0,hds_00_027_011_000,l1 w !hds_00_027_011_000!,hds
hds_00_027_012_000,21.474790573120117,27,12,0,0,hds_00_027_012_000,l1 w !hds_00_027_012_000!,hds
hds_00_027_013_000,20.697538375854492,27,13,0,0,hds_00_027_013_000,l1 w !hds_00_027_013_000!,hds
hds_00_027_014_000,19.822996139526367,27,14,0,0,hds_00_027_014_000,l1 w !hds_00_027_014_000!,hds
hds_00_027_015_000,18.739410400390625,27,15,0,0,hds_00_027_015_000,l1 w !hds_00_027_015_000!,hds
hds_00_027_016_000,19.310461044311523,27,16,0,0,hds_00_027_016_000,l1 w !hds_00_027_016_000!,hds
hds_00_027_017_000,19.645910263061523,27,17,0,0,hds_00_027_017_000,l1 w !hds_00_027_017_000!,hds
hds_00_027_018_000,19.826845169067383,27,18,0,0,hds_00_027_018_000,l1 w !hds_00_027_018_000!,hds
hds_00_027_019_000,19.917631149291992,27,19,0,0,hds_00_027_019_000,l1 w !hds_00_027_019_000!,hds
hds_00_028_000_000,27.150150299072266,28,0,0,0,hds_00_028_000_000,l1 w !hds_00_028_000_000!,hds
hds_00_028_001_000,27.029138565063477,28,1,0,0,hds_00_028_001_000,l1 w !hds_00_028_001_000!,hds
hds_00_028_002_000,26.863706588745117,28,2,0,0,hds_00_028_002_000,l1 w !hds_00_028_002_000!,hds
hds_00_028_003_000,26.617660522460938,28,3,0,0,hds_00_028_003_000,l1 w !hds_00_028_003_000!,hds
hds_00_028_004_000,26.31302261352539,28,4,0,0,hds_00_028_004_000,l1 w !hds_00_028_004_000!,hds
hds_00_028_005_000,25.957672119140625,28,5,0,0,hds_00_028_005_000,l1 w !hds_00_028_005_000!,hds
hds_00_028_006_000,25.756757736206055,28,6,0,0,hds_00_028_006_000,l1 w !hds_00_028_006_000!,hds
hds_00_028_007_000,25.043777465820312,28,7,0,0,hds_00_028_007_000,l1 w !hds_00_028_007_000!,hds
hds_00_028_008_000,24.242115020751953,28,8,0,0,hds_00_028_008_000,l1 w !hds_00_028_008_000!,hds
hds_00_028_009_000,23.643842697143555,28,9,0,0,hds_00_028_009_000,l1 w !hds_00_028_009_000!,hds
hds_00_028_010_000,22.77675437927246,28,10,0,0,hds_00_028_010_000,l1 w !hds_00_028_010_000!,hds
hds_00_028_011_000,21.897872924804688,28,11,0,0,hds_00_028_011_000,l1 w !hds_00_028_011_000!,hds
hds_00_028_012_000,21.233617782592773,28,12,0,0,hds_00_028_012_000,l1 w !hds_00_028_012_000!,hds
hds_00_028_013_000,20.471338272094727,28,13,0,0,hds_00_028_013_000,l1 w !hds_00_028_013_000!,hds
hds_00_028_014_000,19.650680541992188,28,14,0,0,hds_00_028_014_000,l1 w !hds_00_028_014_000!,hds
hds_00_028_015_000,18.425519943237305,28,15,0,0,hds_00_028_015_000,l1 w !hds_00_028_015_000!,hds
hds_00_028_016_000,19.11301612854004,28,16,0,0,hds_00_028_016_000,l1 w !hds_00_028_016_000!,hds
hds_00_028_017_000,19.474641799926758,28,17,0,0,hds_00_028_017_000,l1 w !hds_00_028_017_000!,hds
hds_00_028_018_000,19.66876220703125,28,18,0,0,hds_00_028_018_000,l1 w !hds_00_028_018_000!,hds
hds_00_028_019_000,19.75557518005371,28,19,0,0,hds_00_028_019_000,l1 w !hds_00_028_019_000!,hds
hds_00_029_000_000,26.86684226989746,29,0,0,0,hds_00_029_000_000,l1 w !hds_00_029_000_000!,hds
hds_00_029_001_000,26.759845733642578,29,1,0,0,hds_00_029_001_000,l1 w !hds_00_029_001_000!,hds
hds_00_029_002_000,26.57016372680664,29,2,0,0,hds_00_029_002_000,l1 w !hds_00_029_002_000!,hds
hds_00_029_003_000,26.329120635986328,29,3,0,0,hds_00_029_003_000,l1 w !hds_00_029_003_000!,hds
hds_00_029_004_000,26.113061904907227,29,4,0,0,hds_00_029_004_000,l1 w !hds_00_029_004_000!,hds
hds_00_029_005_000,25.89250946044922,29,5,0,0,hds_00_029_005_000,l1 w !hds_00_029_005_000!,hds
hds_00_029_006_000,25.519960403442383,29,6,0,0,hds_00_029_006_000,l1 w !hds_00_029_006_000!,hds
hds_00_029_007_000,24.760398864746094,29,7,0,0,hds_00_029_007_000,l1 w !hds_00_029_007_000!,hds
hds_00_029_008_000,23.924009323120117,29,8,0,0,hds_00_029_008_000,l1 w !hds_00_029_008_000!,hds
hds_00_029_009_000,23.19330596923828,29,9,0,0,hds_00_029_009_000,l1 w !hds_00_029_009_000!,hds
hds_00_029_010_000,22.325422286987305,29,10,0,0,hds_00_029_010_000,l1 w !hds_00_029_010_000!,hds
hds_00_029_011_000,21.495681762695312,29,11,0,0,hds_00_029_011_000,l1 w !hds_00_029_011_000!,hds
hds_00_029_012_000,20.866968154907227,29,12,0,0,hds_00_029_012_000,l1 w !hds_00_029_012_000!,hds
hds_00_029_013_000,20.188262939453125,29,13,0,0,hds_00_029_013_000,l1 w !hds_00_029_013_000!,hds
hds_00_029_014_000,19.42411994934082,29,14,0,0,hds_00_029_014_000,l1 w !hds_00_029_014_000!,hds
hds_00_029_015_000,18.16167640686035,29,15,0,0,hds_00_029_015_000,l1 w !hds_00_029_015_000!,hds
hds_00_029_016_000,18.878063201904297,29,16,0,0,hds_00_029_016_000,l1 w !hds_00_029_016_000!,hds
hds_00_029_017_000,19.285293579101562,29,17,0,0,hds_00_029_017_000,l1 w !hds_00_029_017_000!,hds
hds_00_029_018_000,19.476049423217773,29,18,0,0,hds_00_029_018_000,l1 w !hds_00_029_018_000!,hds
hds_00_029_019_000,19.56248664855957,29,19,0,0,hds_00_029_019_000,l1 w !hds_00_029_019_000!,hds
hds_00_030_000_000,26.640535354614258,30,0,0,0,hds_00_030_000_000,l1 w !hds_00_030_000_000!,hds
hds_00_030_001_000,26.518224716186523,30,1,0,0,hds_00_030_001_000,l1 w !hds_00_030_001_000!,hds
hds_00_030_002_000,26.299654006958008,30,2,0,0,hds_00_030_002_000,l1 w !hds_00_030_002_000!,hds
hds_00_030_003_000,26.07021713256836,30,3,0,0,hds_00_030_003_000,l1 w !hds_00_030_003_000!,hds
hds_00_030_004_000,25.77915382385254,30,4,0,0,hds_00_030_004_000,l1 w !hds_00_030_004_000!,hds
hds_00_030_005_000,25.546207427978516,30,5,0,0,hds_00_030_005_000,l1 w !hds_00_030_005_000!,hds
hds_00_030_006_000,25.1262264251709,30,6,0,0,hds_00_030_006_000,l1 w !hds_00_030_006_000!,hds
hds_00_030_007_000,24.25194549560547,30,7,0,0,hds_00_030_007_000,l1 w !hds_00_030_007_000!,hds
hds_00_030_008_000,23.440977096557617,30,8,0,0,hds_00_030_008_000,l1 w !hds_00_030_008_000!,hds
hds_00_030_009_000,22.661775588989258,30,9,0,0,hds_00_030_009_000,l1 w !hds_00_030_009_000!,hds
hds_00_030_010_000,21.77547264099121,30,10,0,0,hds_00_030_010_000,l1 w !hds_00_030_010_000!,hds
hds_00_030_011_000,21.04500961303711,30,11,0,0,hds_00_030_011_000,l1 w !hds_00_030_011_000!,hds
hds_00_030_012_000,20.443822860717773,30,12,0,0,hds_00_030_012_000,l1 w !hds_00_030_012_000!,hds
hds_00_030_013_000,19.849287033081055,30,13,0,0,hds_00_030_013_000,l1 w !hds_00_030_013_000!,hds
hds_00_030_014_000,19.175504684448242,30,14,0,0,hds_00_030_014_000,l1 w !hds_00_030_014_000!,hds
hds_00_030_015_000,17.782413482666016,30,15,0,0,hds_00_030_015_000,l1 w !hds_00_030_015_000!,hds
hds_00_030_016_000,18.585521697998047,30,16,0,0,hds_00_030_016_000,l1 w !hds_00_030_016_000!,hds
hds_00_030_017_000,19.0354061126709,30,17,0,0,hds_00_030_017_000,l1 w !hds_00_030_017_000!,hds
hds_00_030_018_000,19.226764678955078,30,18,0,0,hds_00_030_018_000,l1 w !hds_00_030_018_000!,hds
hds_00_030_019_000,19.291894912719727,30,19,0,0,hds_00_030_019_000,l1 w !hds_00_030_019_000!,hds
hds_00_031_000_000,26.506532669067383,31,0,0,0,hds_00_031_000_000,l1 w !hds_00_031_000_000!,hds
hds_00_031_001_000,26.263221740722656,31,1,0,0,hds_00_031_001_000,l1 w !hds_00_031_001_000!,hds
hds_00_031_002_000,25.991437911987305,31,2,0,0,hds_00_031_002_000,l1 w !hds_00_031_002_000!,hds
hds_00_031_003_000,25.60690689086914,31,3,0,0,hds_00_031_003_000,l1 w !hds_00_031_003_000!,hds
hds_00_031_004_000,25.345226287841797,31,4,0,0,hds_00_031_004_000,l1 w !hds_00_031_004_000!,hds
hds_00_031_005_000,25.034929275512695,31,5,0,0,hds_00_031_005_000,l1 w !hds_00_031_005_000!,hds
hds_00_031_006_000,24.474395751953125,31,6,0,0,hds_00_031_006_000,l1 w !hds_00_031_006_000!,hds
hds_00_031_007_000,23.62946319580078,31,7,0,0,hds_00_031_007_000,l1 w !hds_00_031_007_000!,hds
hds_00_031_008_000,23.05959129333496,31,8,0,0,hds_00_031_008_000,l1 w !hds_00_031_008_000!,hds
hds_00_031_009_000,22.088930130004883,31,9,0,0,hds_00_031_009_000,l1 w !hds_00_031_009_000!,hds
hds_00_031_010_000,21.203149795532227,31,10,0,0,hds_00_031_010_000,l1 w !hds_00_031_010_000!,hds
hds_00_031_011_000,20.39391326904297,31,11,0,0,hds_00_031_011_000,l1 w !hds_00_031_011_000!,hds
hds_00_031_012_000,19.89999771118164,31,12,0,0,hds_00_031_012_000,l1 w !hds_00_031_012_000!,hds
hds_00_031_013_000,19.325069427490234,31,13,0,0,hds_00_031_013_000,l1 w !hds_00_031_013_000!,hds
hds_00_031_014_000,18.627573013305664,31,14,0,0,hds_00_031_014_000,l1 w !hds_00_031_014_000!,hds
hds_00_031_015_000,17.460298538208008,31,15,0,0,hds_00_031_015_000,l1 w !hds_00_031_015_000!,hds
hds_00_031_016_000,18.216524124145508,31,16,0,0,hds_00_031_016_000,l1 w !hds_00_031_016_000!,hds
hds_00_031_017_000,18.67078971862793,31,17,0,0,hds_00_031_017_000,l1 w !hds_00_031_017_000!,hds
hds_00_031_018_000,18.909040451049805,31,18,0,0,hds_00_031_018_000,l1 w !hds_00_031_018_000!,hds
hds_00_031_019_000,18.978721618652344,31,19,0,0,hds_00_031_019_000,l1 w !hds_00_031_019_000!,hds
hds_00_032_001_000,25.98041534423828,32,1,0,0,hds_00_032_001_000,l1 w !hds_00_032_001_000!,hds
hds_00_032_002_000,25.648319244384766,32,2,0,0,hds_00_032_002_000,l1 w !hds_00_032_002_000!,hds
hds_00_032_003_000,25.214069366455078,32,3,0,0,hds_00_032_003_000,l1 w !hds_00_032_003_000!,hds
hds_00_032_004_000,24.85126495361328,32,4,0,0,hds_00_032_004_000,l1 w !hds_00_032_004_000!,hds
hds_00_032_005_000,24.408432006835938,32,5,0,0,hds_00_032_005_000,l1 w !hds_00_032_005_000!,hds
hds_00_032_006_000,23.75605583190918,32,6,0,0,hds_00_032_006_000,l1 w !hds_00_032_006_000!,hds
hds_00_032_007_000,23.303495407104492,32,7,0,0,hds_00_032_007_000,l1 w !hds_00_032_007_000!,hds
hds_00_032_008_000,22.50272560119629,32,8,0,0,hds_00_032_008_000,l1 w !hds_00_032_008_000!,hds
hds_00_032_009_000,21.236371994018555,32,9,0,0,hds_00_032_009_000,l1 w !hds_00_032_009_000!,hds
hds_00_032_010_000,20.251636505126953,32,10,0,0,hds_00_032_010_000,l1 w !hds_00_032_010_000!,hds
hds_00_032_011_000,19.00287437438965,32,11,0,0,hds_00_032_011_000,l1 w !hds_00_032_011_000!,hds
hds_00_032_012_000,18.914060592651367,32,12,0,0,hds_00_032_012_000,l1 w !hds_00_032_012_000!,hds
hds_00_032_013_000,18.520410537719727,32,13,0,0,hds_00_032_013_000,l1 w !hds_00_032_013_000!,hds
hds_00_032_014_000,17.985050201416016,32,14,0,0,hds_00_032_014_000,l1 w !hds_00_032_014_000!,hds
hds_00_032_015_000,17.26105308532715,32,15,0,0,hds_00_032_015_000,l1 w !hds_00_032_015_000!,hds
hds_00_032_016_000,17.855459213256836,32,16,0,0,hds_00_032_016_000,l1 w !hds_00_032_016_000!,hds
hds_00_032_017_000,18.307422637939453,32,17,0,0,hds_00_032_017_000,l1 w !hds_00_032_017_000!,hds
hds_00_032_018_000,18.566951751708984,32,18,0,0,hds_00_032_018_000,l1 w !hds_00_032_018_000!,hds
hds_00_032_019_000,18.667251586914062,32,19,0,0,hds_00_032_019_000,l1 w !hds_00_032_019_000!,hds
hds_00_033_002_000,25.247655868530273,33,2,0,0,hds_00_033_002_000,l1 w !hds_00_033_002_000!,hds
hds_00_033_003_000,24.756046295166016,33,3,0,0,hds_00_033_003_000,l1 w !hds_00_033_003_000!,hds
hds_00_033_004_000,24.30550765991211,33,4,0,0,hds_00_033_004_000,l1 w !hds_00_033_004_000!,hds
hds_00_033_005_000,23.81505584716797,33,5,0,0,hds_00_033_005_000,l1 w !hds_00_033_005_000!,hds
hds_00_033_006_000,23.188020706176758,33,6,0,0,hds_00_033_006_000,l1 w !hds_00_033_006_000!,hds
hds_00_033_007_000,22.6074275970459,33,7,0,0,hds_00_033_007_000,l1 w !hds_00_033_007_000!,hds
hds_00_033_008_000,21.705171585083008,33,8,0,0,hds_00_033_008_000,l1 w !hds_00_033_008_000!,hds
hds_00_033_009_000,20.72054672241211,33,9,0,0,hds_00_033_009_000,l1 w !hds_00_033_009_000!,hds
hds_00_033_010_000,19.1466064453125,33,10,0,0,hds_00_033_010_000,l1 w !hds_00_033_010_000!,hds
hds_00_033_011_000,15.78666877746582,33,11,0,0,hds_00_033_011_000,l1 w !hds_00_033_011_000!,hds
hds_00_033_012_000,17.61473274230957,33,12,0,0,hds_00_033_012_000,l1 w !hds_00_033_012_000!,hds
hds_00_033_013_000,17.88547706604004,33,13,0,0,hds_00_033_013_000,l1 w !hds_00_033_013_000!,hds
hds_00_033_014_000,17.557941436767578,33,14,0,0,hds_00_033_014_000,l1 w !hds_00_033_014_000!,hds
hds_00_033_015_000,17.014686584472656,33,15,0,0,hds_00_033_015_000,l1 w !hds_00_033_015_000!,hds
hds_00_033_016_000,17.55929183959961,33,16,0,0,hds_00_033_016_000,l1 w !hds_00_033_016_000!,hds
hds_00_033_017_000,18.01691246032715,33,17,0,0,hds_00_033_017_000,l1 w !hds_00_033_017_000!,hds
hds_00_033_018_000,18.27538299560547,33,18,0,0,hds_00_033_018_000,l1 w !hds_00_033_018_000!,hds
hds_00_033_019_000,18.421314239501953,33,19,0,0,hds_00_033_019_000,l1 w !hds_00_033_019_000!,hds
hds_00_034_003_000,24.256080627441406,34,3,0,0,hds_00_034_003_000,l1 w !hds_00_034_003_000!,hds
hds_00_034_004_000,23.582563400268555,34,4,0,0,hds_00_034_004_000,l1 w !hds_00_034_004_000!,hds
hds_00_034_005_000,23.051658630371094,34,5,0,0,hds_00_034_005_000,l1 w !hds_00_034_005_000!,hds
hds_00_034_006_000,22.549219131469727,34,6,0,0,hds_00_034_006_000,l1 w !hds_00_034_006_000!,hds
hds_00_034_007_000,22.032691955566406,34,7,0,0,hds_00_034_007_000,l1 w !hds_00_034_007_000!,hds
hds_00_034_008_000,21.28895378112793,34,8,0,0,hds_00_034_008_000,l1 w !hds_00_034_008_000!,hds
hds_00_034_009_000,20.427330017089844,34,9,0,0,hds_00_034_009_000,l1 w !hds_00_034_009_000!,hds
hds_00_034_010_000,19.202213287353516,34,10,0,0,hds_00_034_010_000,l1 w !hds_00_034_010_000!,hds
hds_00_034_011_000,17.71774673461914,34,11,0,0,hds_00_034_011_000,l1 w !hds_00_034_011_000!,hds
hds_00_034_012_000,17.60694694519043,34,12,0,0,hds_00_034_012_000,l1 w !hds_00_034_012_000!,hds
hds_00_034_013_000,17.48890495300293,34,13,0,0,hds_00_034_013_000,l1 w !hds_00_034_013_000!,hds
hds_00_034_014_000,17.191635131835938,34,14,0,0,hds_00_034_014_000,l1 w !hds_00_034_014_000!,hds
hds_00_034_015_000,16.758424758911133,34,15,0,0,hds_00_034_015_000,l1 w !hds_00_034_015_000!,hds
hds_00_034_016_000,17.283939361572266,34,16,0,0,hds_00_034_016_000,l1 w !hds_00_034_016_000!,hds
hds_00_034_017_000,17.73514175415039,34,17,0,0,hds_00_034_017_000,l1 w !hds_00_034_017_000!,hds
hds_00_034_018_000,18.013212203979492,34,18,0,0,hds_00_034_018_000,l1 w !hds_00_034_018_000!,hds
hds_00_034_019_000,18.26516342163086,34,19,0,0,hds_00_034_019_000,l1 w !hds_00_034_019_000!,hds
hds_00_035_004_000,22.622655868530273,35,4,0,0,hds_00_035_004_000,l1 w !hds_00_035_004_000!,hds
hds_00_035_005_000,22.201757431030273,35,5,0,0,hds_00_035_005_000,l1 w !hds_00_035_005_000!,hds
hds_00_035_006_000,21.74651527404785,35,6,0,0,hds_00_035_006_000,l1 w !hds_00_035_006_000!,hds
hds_00_035_007_000,21.230648040771484,35,7,0,0,hds_00_035_007_000,l1 w !hds_00_035_007_000!,hds
hds_00_035_008_000,20.62631607055664,35,8,0,0,hds_00_035_008_000,l1 w !hds_00_035_008_000!,hds
hds_00_035_009_000,19.857969284057617,35,9,0,0,hds_00_035_009_000,l1 w !hds_00_035_009_000!,hds
hds_00_035_010_000,18.82984161376953,35,10,0,0,hds_00_035_010_000,l1 w !hds_00_035_010_000!,hds
hds_00_035_011_000,17.9748477935791,35,11,0,0,hds_00_035_011_000,l1 w !hds_00_035_011_000!,hds
hds_00_035_012_000,17.499345779418945,35,12,0,0,hds_00_035_012_000,l1 w !hds_00_035_012_000!,hds
hds_00_035_013_000,17.163902282714844,35,13,0,0,hds_00_035_013_000,l1 w !hds_00_035_013_000!,hds
hds_00_035_014_000,16.87407875061035,35,14,0,0,hds_00_035_014_000,l1 w !hds_00_035_014_000!,hds
hds_00_035_015_000,16.482206344604492,35,15,0,0,hds_00_035_015_000,l1 w !hds_00_035_015_000!,hds
hds_00_035_016_000,17.02066993713379,35,16,0,0,hds_00_035_016_000,l1 w !hds_00_035_016_000!,hds
hds_00_035_017_000,17.436086654663086,35,17,0,0,hds_00_035_017_000,l1 w !hds_00_035_017_000!,hds
hds_00_035_018_000,17.668201446533203,35,18,0,0,hds_00_035_018_000,l1 w !hds_00_035_018_000!,hds
hds_00_036_004_000,22.039531707763672,36,4,0,0,hds_00_036_004_000,l1 w !hds_00_036_004_000!,hds
hds_00_036_005_000,21.284658432006836,36,5,0,0,hds_00_036_005_000,l1 w !hds_00_036_005_000!,hds
hds_00_036_006_000,20.759475708007812,36,6,0,0,hds_00_036_006_000,l1 w !hds_00_036_006_000!,hds
hds_00_036_007_000,20.17999267578125,36,7,0,0,hds_00_036_007_000,l1 w !hds_00_036_007_000!,hds
hds_00_036_008_000,19.704086303710938,36,8,0,0,hds_00_036_008_000,l1 w !hds_00_036_008_000!,hds
hds_00_036_009_000,19.10391616821289,36,9,0,0,hds_00_036_009_000,l1 w !hds_00_036_009_000!,hds
hds_00_036_010_000,18.25417137145996,36,10,0,0,hds_00_036_010_000,l1 w !hds_00_036_010_000!,hds
hds_00_036_011_000,17.55276870727539,36,11,0,0,hds_00_036_011_000,l1 w !hds_00_036_011_000!,hds
hds_00_036_012_000,17.113178253173828,36,12,0,0,hds_00_036_012_000,l1 w !hds_00_036_012_000!,hds
hds_00_036_013_000,16.78321075439453,36,13,0,0,hds_00_036_013_000,l1 w !hds_00_036_013_000!,hds
hds_00_036_014_000,16.479114532470703,36,14,0,0,hds_00_036_014_000,l1 w !hds_00_036_014_000!,hds
hds_00_036_015_000,16.207515716552734,36,15,0,0,hds_00_036_015_000,l1 w !hds_00_036_015_000!,hds
hds_00_036_016_000,16.741588592529297,36,16,0,0,hds_00_036_016_000,l1 w !hds_00_036_016_000!,hds
hds_00_036_017_000,17.171550750732422,36,17,0,0,hds_00_036_017_000,l1 w !hds_00_036_017_000!,hds
hds_00_036_018_000,17.478395462036133,36,18,0,0,hds_00_036_018_000,l1 w !hds_00_036_018_000!,hds
hds_00_037_005_000,19.752620697021484,37,5,0,0,hds_00_037_005_000,l1 w !hds_00_037_005_000!,hds
hds_00_037_006_000,19.377382278442383,37,6,0,0,hds_00_037_006_000,l1 w !hds_00_037_006_000!,hds
hds_00_037_007_000,18.98819351196289,37,7,0,0,hds_00_037_007_000,l1 w !hds_00_037_007_000!,hds
hds_00_037_008_000,18.712749481201172,37,8,0,0,hds_00_037_008_000,l1 w !hds_00_037_008_000!,hds
hds_00_037_009_000,18.104732513427734,37,9,0,0,hds_00_037_009_000,l1 w !hds_00_037_009_000!,hds
hds_00_037_010_000,17.26862907409668,37,10,0,0,hds_00_037_010_000,l1 w !hds_00_037_010_000!,hds
hds_00_037_011_000,16.668508529663086,37,11,0,0,hds_00_037_011_000,l1 w !hds_00_037_011_000!,hds
hds_00_037_012_000,16.205097198486328,37,12,0,0,hds_00_037_012_000,l1 w !hds_00_037_012_000!,hds
hds_00_037_013_000,15.97953987121582,37,13,0,0,hds_00_037_013_000,l1 w !hds_00_037_013_000!,hds
hds_00_037_014_000,15.735662460327148,37,14,0,0,hds_00_037_014_000,l1 w !hds_00_037_014_000!,hds
hds_00_037_015_000,15.867401123046875,37,15,0,0,hds_00_037_015_000,l1 w !hds_00_037_015_000!,hds
hds_00_037_016_000,16.425241470336914,37,16,0,0,hds_00_037_016_000,l1 w !hds_00_037_016_000!,hds
hds_00_037_017_000,16.882484436035156,37,17,0,0,hds_00_037_017_000,l1 w !hds_00_037_017_000!,hds
hds_00_038_005_000,18.234201431274414,38,5,0,0,hds_00_038_005_000,l1 w !hds_00_038_005_000!,hds
hds_00_038_006_000,18.088842391967773,38,6,0,0,hds_00_038_006_000,l1 w !hds_00_038_006_000!,hds
hds_00_038_007_000,17.721860885620117,38,7,0,0,hds_00_038_007_000,l1 w !hds_00_038_007_000!,hds
hds_00_038_008_000,17.506479263305664,38,8,0,0,hds_00_038_008_000,l1 w !hds_00_038_008_000!,hds
hds_00_038_009_000,16.69145965576172,38,9,0,0,hds_00_038_009_000,l1 w !hds_00_038_009_000!,hds
hds_00_038_010_000,15.852585792541504,38,10,0,0,hds_00_038_010_000,l1 w !hds_00_038_010_000!,hds
hds_00_038_011_000,15.318587303161621,38,11,0,0,hds_00_038_011_000,l1 w !hds_00_038_011_000!,hds
hds_00_038_012_000,14.779472351074219,38,12,0,0,hds_00_038_012_000,l1 w !hds_00_038_012_000!,hds
hds_00_038_013_000,14.474631309509277,38,13,0,0,hds_00_038_013_000,l1 w !hds_00_038_013_000!,hds
hds_00_038_014_000,14.286799430847168,38,14,0,0,hds_00_038_014_000,l1 w !hds_00_038_014_000!,hds
hds_00_038_015_000,15.49850082397461,38,15,0,0,hds_00_038_015_000,l1 w !hds_00_038_015_000!,hds
hds_00_038_016_000,16.042463302612305,38,16,0,0,hds_00_038_016_000,l1 w !hds_00_038_016_000!,hds
hds_00_039_005_000,16.899999618530273,39,5,0,0,hds_00_039_005_000,l1 w !hds_00_039_005_000!,hds
hds_00_039_006_000,16.399999618530273,39,6,0,0,hds_00_039_006_000,l1 w !hds_00_039_006_000!,hds
hds_00_039_007_000,16.100000381469727,39,7,0,0,hds_00_039_007_000,l1 w !hds_00_039_007_000!,hds
hds_00_039_008_000,15.600000381469727,39,8,0,0,hds_00_039_008_000,l1 w !hds_00_039_008_000!,hds
hds_00_039_009_000,15.100000381469727,39,9,0,0,hds_00_039_009_000,l1 w !hds_00_039_009_000!,hds
hds_00_039_010_000,14.0,39,10,0,0,hds_00_039_010_000,l1 w !hds_00_039_010_000!,hds
hds_00_039_011_000,13.0,39,11,0,0,hds_00_039_011_000,l1 w !hds_00_039_011_000!,hds
hds_00_039_012_000,12.5,39,12,0,0,hds_00_039_012_000,l1 w !hds_00_039_012_000!,hds
hds_00_039_013_000,12.0,39,13,0,0,hds_00_039_013_000,l1 w !hds_00_039_013_000!,hds
hds_00_039_014_000,11.399999618530273,39,14,0,0,hds_00_039_014_000,l1 w !hds_00_039_014_000!,hds
