parnme,parnme,x,y,pargp,tpl
hk0000000,hk0000000,125.0,9875.0,grhk0,hk0.dat_gr.tpl
hk0000001,hk0000001,375.0,9875.0,grhk0,hk0.dat_gr.tpl
hk0000002,hk0000002,625.0,9875.0,grhk0,hk0.dat_gr.tpl
hk0000003,hk0000003,875.0,9875.0,grhk0,hk0.dat_gr.tpl
hk0000004,hk0000004,1125.0,9875.0,grhk0,hk0.dat_gr.tpl
hk0000005,hk0000005,1375.0,9875.0,grhk0,hk0.dat_gr.tpl
hk0000006,hk0000006,1625.0,9875.0,grhk0,hk0.dat_gr.tpl
hk0000007,hk0000007,1875.0,9875.0,grhk0,hk0.dat_gr.tpl
hk0000008,hk0000008,2125.0,9875.0,grhk0,hk0.dat_gr.tpl
hk0000009,hk0000009,2375.0,9875.0,grhk0,hk0.dat_gr.tpl
hk0000010,hk0000010,2625.0,9875.0,grhk0,hk0.dat_gr.tpl
hk0000011,hk0000011,2875.0,9875.0,grhk0,hk0.dat_gr.tpl
hk0000012,hk0000012,3125.0,9875.0,grhk0,hk0.dat_gr.tpl
hk0000013,hk0000013,3375.0,9875.0,grhk0,hk0.dat_gr.tpl
hk0000014,hk0000014,3625.0,9875.0,grhk0,hk0.dat_gr.tpl
hk0000015,hk0000015,3875.0,9875.0,grhk0,hk0.dat_gr.tpl
hk0000016,hk0000016,4125.0,9875.0,grhk0,hk0.dat_gr.tpl
hk0000017,hk0000017,4375.0,9875.0,grhk0,hk0.dat_gr.tpl
hk0000018,hk0000018,4625.0,9875.0,grhk0,hk0.dat_gr.tpl
hk0000019,hk0000019,4875.0,9875.0,grhk0,hk0.dat_gr.tpl
hk0001000,hk0001000,125.0,9625.0,grhk0,hk0.dat_gr.tpl
hk0001001,hk0001001,375.0,9625.0,grhk0,hk0.dat_gr.tpl
hk0001002,hk0001002,625.0,9625.0,grhk0,hk0.dat_gr.tpl
hk0001003,hk0001003,875.0,9625.0,grhk0,hk0.dat_gr.tpl
hk0001004,hk0001004,1125.0,9625.0,grhk0,hk0.dat_gr.tpl
hk0001005,hk0001005,1375.0,9625.0,grhk0,hk0.dat_gr.tpl
hk0001006,hk0001006,1625.0,9625.0,grhk0,hk0.dat_gr.tpl
hk0001007,hk0001007,1875.0,9625.0,grhk0,hk0.dat_gr.tpl
hk0001008,hk0001008,2125.0,9625.0,grhk0,hk0.dat_gr.tpl
hk0001009,hk0001009,2375.0,9625.0,grhk0,hk0.dat_gr.tpl
hk0001010,hk0001010,2625.0,9625.0,grhk0,hk0.dat_gr.tpl
hk0001011,hk0001011,2875.0,9625.0,grhk0,hk0.dat_gr.tpl
hk0001012,hk0001012,3125.0,9625.0,grhk0,hk0.dat_gr.tpl
hk0001013,hk0001013,3375.0,9625.0,grhk0,hk0.dat_gr.tpl
hk0001014,hk0001014,3625.0,9625.0,grhk0,hk0.dat_gr.tpl
hk0001015,hk0001015,3875.0,9625.0,grhk0,hk0.dat_gr.tpl
hk0001016,hk0001016,4125.0,9625.0,grhk0,hk0.dat_gr.tpl
hk0001017,hk0001017,4375.0,9625.0,grhk0,hk0.dat_gr.tpl
hk0001018,hk0001018,4625.0,9625.0,grhk0,hk0.dat_gr.tpl
hk0001019,hk0001019,4875.0,9625.0,grhk0,hk0.dat_gr.tpl
hk0002000,hk0002000,125.0,9375.0,grhk0,hk0.dat_gr.tpl
hk0002001,hk0002001,375.0,9375.0,grhk0,hk0.dat_gr.tpl
hk0002002,hk0002002,625.0,9375.0,grhk0,hk0.dat_gr.tpl
hk0002003,hk0002003,875.0,9375.0,grhk0,hk0.dat_gr.tpl
hk0002004,hk0002004,1125.0,9375.0,grhk0,hk0.dat_gr.tpl
hk0002005,hk0002005,1375.0,9375.0,grhk0,hk0.dat_gr.tpl
hk0002006,hk0002006,1625.0,9375.0,grhk0,hk0.dat_gr.tpl
hk0002007,hk0002007,1875.0,9375.0,grhk0,hk0.dat_gr.tpl
hk0002008,hk0002008,2125.0,9375.0,grhk0,hk0.dat_gr.tpl
hk0002009,hk0002009,2375.0,9375.0,grhk0,hk0.dat_gr.tpl
hk0002010,hk0002010,2625.0,9375.0,grhk0,hk0.dat_gr.tpl
hk0002011,hk0002011,2875.0,9375.0,grhk0,hk0.dat_gr.tpl
hk0002012,hk0002012,3125.0,9375.0,grhk0,hk0.dat_gr.tpl
hk0002013,hk0002013,3375.0,9375.0,grhk0,hk0.dat_gr.tpl
hk0002014,hk0002014,3625.0,9375.0,grhk0,hk0.dat_gr.tpl
hk0002015,hk0002015,3875.0,9375.0,grhk0,hk0.dat_gr.tpl
hk0002016,hk0002016,4125.0,9375.0,grhk0,hk0.dat_gr.tpl
hk0002017,hk0002017,4375.0,9375.0,grhk0,hk0.dat_gr.tpl
hk0002018,hk0002018,4625.0,9375.0,grhk0,hk0.dat_gr.tpl
hk0002019,hk0002019,4875.0,9375.0,grhk0,hk0.dat_gr.tpl
hk0003000,hk0003000,125.0,9125.0,grhk0,hk0.dat_gr.tpl
hk0003001,hk0003001,375.0,9125.0,grhk0,hk0.dat_gr.tpl
hk0003002,hk0003002,625.0,9125.0,grhk0,hk0.dat_gr.tpl
hk0003003,hk0003003,875.0,9125.0,grhk0,hk0.dat_gr.tpl
hk0003004,hk0003004,1125.0,9125.0,grhk0,hk0.dat_gr.tpl
hk0003005,hk0003005,1375.0,9125.0,grhk0,hk0.dat_gr.tpl
hk0003006,hk0003006,1625.0,9125.0,grhk0,hk0.dat_gr.tpl
hk0003007,hk0003007,1875.0,9125.0,grhk0,hk0.dat_gr.tpl
hk0003008,hk0003008,2125.0,9125.0,grhk0,hk0.dat_gr.tpl
hk0003009,hk0003009,2375.0,9125.0,grhk0,hk0.dat_gr.tpl
hk0003010,hk0003010,2625.0,9125.0,grhk0,hk0.dat_gr.tpl
hk0003011,hk0003011,2875.0,9125.0,grhk0,hk0.dat_gr.tpl
hk0003012,hk0003012,3125.0,9125.0,grhk0,hk0.dat_gr.tpl
hk0003013,hk0003013,3375.0,9125.0,grhk0,hk0.dat_gr.tpl
hk0003014,hk0003014,3625.0,9125.0,grhk0,hk0.dat_gr.tpl
hk0003015,hk0003015,3875.0,9125.0,grhk0,hk0.dat_gr.tpl
hk0003016,hk0003016,4125.0,9125.0,grhk0,hk0.dat_gr.tpl
hk0003017,hk0003017,4375.0,9125.0,grhk0,hk0.dat_gr.tpl
hk0003018,hk0003018,4625.0,9125.0,grhk0,hk0.dat_gr.tpl
hk0003019,hk0003019,4875.0,9125.0,grhk0,hk0.dat_gr.tpl
hk0004000,hk0004000,125.0,8875.0,grhk0,hk0.dat_gr.tpl
hk0004001,hk0004001,375.0,8875.0,grhk0,hk0.dat_gr.tpl
hk0004002,hk0004002,625.0,8875.0,grhk0,hk0.dat_gr.tpl
hk0004003,hk0004003,875.0,8875.0,grhk0,hk0.dat_gr.tpl
hk0004004,hk0004004,1125.0,8875.0,grhk0,hk0.dat_gr.tpl
hk0004005,hk0004005,1375.0,8875.0,grhk0,hk0.dat_gr.tpl
hk0004006,hk0004006,1625.0,8875.0,grhk0,hk0.dat_gr.tpl
hk0004007,hk0004007,1875.0,8875.0,grhk0,hk0.dat_gr.tpl
hk0004008,hk0004008,2125.0,8875.0,grhk0,hk0.dat_gr.tpl
hk0004009,hk0004009,2375.0,8875.0,grhk0,hk0.dat_gr.tpl
hk0004010,hk0004010,2625.0,8875.0,grhk0,hk0.dat_gr.tpl
hk0004011,hk0004011,2875.0,8875.0,grhk0,hk0.dat_gr.tpl
hk0004012,hk0004012,3125.0,8875.0,grhk0,hk0.dat_gr.tpl
hk0004013,hk0004013,3375.0,8875.0,grhk0,hk0.dat_gr.tpl
hk0004014,hk0004014,3625.0,8875.0,grhk0,hk0.dat_gr.tpl
hk0004015,hk0004015,3875.0,8875.0,grhk0,hk0.dat_gr.tpl
hk0004016,hk0004016,4125.0,8875.0,grhk0,hk0.dat_gr.tpl
hk0004017,hk0004017,4375.0,8875.0,grhk0,hk0.dat_gr.tpl
hk0004018,hk0004018,4625.0,8875.0,grhk0,hk0.dat_gr.tpl
hk0004019,hk0004019,4875.0,8875.0,grhk0,hk0.dat_gr.tpl
hk0005000,hk0005000,125.0,8625.0,grhk0,hk0.dat_gr.tpl
hk0005001,hk0005001,375.0,8625.0,grhk0,hk0.dat_gr.tpl
hk0005002,hk0005002,625.0,8625.0,grhk0,hk0.dat_gr.tpl
hk0005003,hk0005003,875.0,8625.0,grhk0,hk0.dat_gr.tpl
hk0005004,hk0005004,1125.0,8625.0,grhk0,hk0.dat_gr.tpl
hk0005005,hk0005005,1375.0,8625.0,grhk0,hk0.dat_gr.tpl
hk0005006,hk0005006,1625.0,8625.0,grhk0,hk0.dat_gr.tpl
hk0005007,hk0005007,1875.0,8625.0,grhk0,hk0.dat_gr.tpl
hk0005008,hk0005008,2125.0,8625.0,grhk0,hk0.dat_gr.tpl
hk0005009,hk0005009,2375.0,8625.0,grhk0,hk0.dat_gr.tpl
hk0005010,hk0005010,2625.0,8625.0,grhk0,hk0.dat_gr.tpl
hk0005011,hk0005011,2875.0,8625.0,grhk0,hk0.dat_gr.tpl
hk0005012,hk0005012,3125.0,8625.0,grhk0,hk0.dat_gr.tpl
hk0005013,hk0005013,3375.0,8625.0,grhk0,hk0.dat_gr.tpl
hk0005014,hk0005014,3625.0,8625.0,grhk0,hk0.dat_gr.tpl
hk0005015,hk0005015,3875.0,8625.0,grhk0,hk0.dat_gr.tpl
hk0005016,hk0005016,4125.0,8625.0,grhk0,hk0.dat_gr.tpl
hk0005017,hk0005017,4375.0,8625.0,grhk0,hk0.dat_gr.tpl
hk0005018,hk0005018,4625.0,8625.0,grhk0,hk0.dat_gr.tpl
hk0005019,hk0005019,4875.0,8625.0,grhk0,hk0.dat_gr.tpl
hk0006000,hk0006000,125.0,8375.0,grhk0,hk0.dat_gr.tpl
hk0006001,hk0006001,375.0,8375.0,grhk0,hk0.dat_gr.tpl
hk0006002,hk0006002,625.0,8375.0,grhk0,hk0.dat_gr.tpl
hk0006003,hk0006003,875.0,8375.0,grhk0,hk0.dat_gr.tpl
hk0006004,hk0006004,1125.0,8375.0,grhk0,hk0.dat_gr.tpl
hk0006005,hk0006005,1375.0,8375.0,grhk0,hk0.dat_gr.tpl
hk0006006,hk0006006,1625.0,8375.0,grhk0,hk0.dat_gr.tpl
hk0006007,hk0006007,1875.0,8375.0,grhk0,hk0.dat_gr.tpl
hk0006008,hk0006008,2125.0,8375.0,grhk0,hk0.dat_gr.tpl
hk0006009,hk0006009,2375.0,8375.0,grhk0,hk0.dat_gr.tpl
hk0006010,hk0006010,2625.0,8375.0,grhk0,hk0.dat_gr.tpl
hk0006011,hk0006011,2875.0,8375.0,grhk0,hk0.dat_gr.tpl
hk0006012,hk0006012,3125.0,8375.0,grhk0,hk0.dat_gr.tpl
hk0006013,hk0006013,3375.0,8375.0,grhk0,hk0.dat_gr.tpl
hk0006014,hk0006014,3625.0,8375.0,grhk0,hk0.dat_gr.tpl
hk0006015,hk0006015,3875.0,8375.0,grhk0,hk0.dat_gr.tpl
hk0006016,hk0006016,4125.0,8375.0,grhk0,hk0.dat_gr.tpl
hk0006017,hk0006017,4375.0,8375.0,grhk0,hk0.dat_gr.tpl
hk0006018,hk0006018,4625.0,8375.0,grhk0,hk0.dat_gr.tpl
hk0006019,hk0006019,4875.0,8375.0,grhk0,hk0.dat_gr.tpl
hk0007000,hk0007000,125.0,8125.0,grhk0,hk0.dat_gr.tpl
hk0007001,hk0007001,375.0,8125.0,grhk0,hk0.dat_gr.tpl
hk0007002,hk0007002,625.0,8125.0,grhk0,hk0.dat_gr.tpl
hk0007003,hk0007003,875.0,8125.0,grhk0,hk0.dat_gr.tpl
hk0007004,hk0007004,1125.0,8125.0,grhk0,hk0.dat_gr.tpl
hk0007005,hk0007005,1375.0,8125.0,grhk0,hk0.dat_gr.tpl
hk0007006,hk0007006,1625.0,8125.0,grhk0,hk0.dat_gr.tpl
hk0007007,hk0007007,1875.0,8125.0,grhk0,hk0.dat_gr.tpl
hk0007008,hk0007008,2125.0,8125.0,grhk0,hk0.dat_gr.tpl
hk0007009,hk0007009,2375.0,8125.0,grhk0,hk0.dat_gr.tpl
hk0007010,hk0007010,2625.0,8125.0,grhk0,hk0.dat_gr.tpl
hk0007011,hk0007011,2875.0,8125.0,grhk0,hk0.dat_gr.tpl
hk0007012,hk0007012,3125.0,8125.0,grhk0,hk0.dat_gr.tpl
hk0007013,hk0007013,3375.0,8125.0,grhk0,hk0.dat_gr.tpl
hk0007014,hk0007014,3625.0,8125.0,grhk0,hk0.dat_gr.tpl
hk0007015,hk0007015,3875.0,8125.0,grhk0,hk0.dat_gr.tpl
hk0007016,hk0007016,4125.0,8125.0,grhk0,hk0.dat_gr.tpl
hk0007017,hk0007017,4375.0,8125.0,grhk0,hk0.dat_gr.tpl
hk0007018,hk0007018,4625.0,8125.0,grhk0,hk0.dat_gr.tpl
hk0007019,hk0007019,4875.0,8125.0,grhk0,hk0.dat_gr.tpl
hk0008000,hk0008000,125.0,7875.0,grhk0,hk0.dat_gr.tpl
hk0008001,hk0008001,375.0,7875.0,grhk0,hk0.dat_gr.tpl
hk0008002,hk0008002,625.0,7875.0,grhk0,hk0.dat_gr.tpl
hk0008003,hk0008003,875.0,7875.0,grhk0,hk0.dat_gr.tpl
hk0008007,hk0008007,1875.0,7875.0,grhk0,hk0.dat_gr.tpl
hk0008008,hk0008008,2125.0,7875.0,grhk0,hk0.dat_gr.tpl
hk0008009,hk0008009,2375.0,7875.0,grhk0,hk0.dat_gr.tpl
hk0008010,hk0008010,2625.0,7875.0,grhk0,hk0.dat_gr.tpl
hk0008011,hk0008011,2875.0,7875.0,grhk0,hk0.dat_gr.tpl
hk0008012,hk0008012,3125.0,7875.0,grhk0,hk0.dat_gr.tpl
hk0008013,hk0008013,3375.0,7875.0,grhk0,hk0.dat_gr.tpl
hk0008014,hk0008014,3625.0,7875.0,grhk0,hk0.dat_gr.tpl
hk0008015,hk0008015,3875.0,7875.0,grhk0,hk0.dat_gr.tpl
hk0008016,hk0008016,4125.0,7875.0,grhk0,hk0.dat_gr.tpl
hk0008017,hk0008017,4375.0,7875.0,grhk0,hk0.dat_gr.tpl
hk0008018,hk0008018,4625.0,7875.0,grhk0,hk0.dat_gr.tpl
hk0008019,hk0008019,4875.0,7875.0,grhk0,hk0.dat_gr.tpl
hk0009000,hk0009000,125.0,7625.0,grhk0,hk0.dat_gr.tpl
hk0009001,hk0009001,375.0,7625.0,grhk0,hk0.dat_gr.tpl
hk0009002,hk0009002,625.0,7625.0,grhk0,hk0.dat_gr.tpl
hk0009003,hk0009003,875.0,7625.0,grhk0,hk0.dat_gr.tpl
hk0009008,hk0009008,2125.0,7625.0,grhk0,hk0.dat_gr.tpl
hk0009009,hk0009009,2375.0,7625.0,grhk0,hk0.dat_gr.tpl
hk0009010,hk0009010,2625.0,7625.0,grhk0,hk0.dat_gr.tpl
hk0009011,hk0009011,2875.0,7625.0,grhk0,hk0.dat_gr.tpl
hk0009012,hk0009012,3125.0,7625.0,grhk0,hk0.dat_gr.tpl
hk0009013,hk0009013,3375.0,7625.0,grhk0,hk0.dat_gr.tpl
hk0009014,hk0009014,3625.0,7625.0,grhk0,hk0.dat_gr.tpl
hk0009015,hk0009015,3875.0,7625.0,grhk0,hk0.dat_gr.tpl
hk0009016,hk0009016,4125.0,7625.0,grhk0,hk0.dat_gr.tpl
hk0009017,hk0009017,4375.0,7625.0,grhk0,hk0.dat_gr.tpl
hk0009018,hk0009018,4625.0,7625.0,grhk0,hk0.dat_gr.tpl
hk0009019,hk0009019,4875.0,7625.0,grhk0,hk0.dat_gr.tpl
hk0010000,hk0010000,125.0,7375.0,grhk0,hk0.dat_gr.tpl
hk0010001,hk0010001,375.0,7375.0,grhk0,hk0.dat_gr.tpl
hk0010002,hk0010002,625.0,7375.0,grhk0,hk0.dat_gr.tpl
hk0010003,hk0010003,875.0,7375.0,grhk0,hk0.dat_gr.tpl
hk0010008,hk0010008,2125.0,7375.0,grhk0,hk0.dat_gr.tpl
hk0010009,hk0010009,2375.0,7375.0,grhk0,hk0.dat_gr.tpl
hk0010010,hk0010010,2625.0,7375.0,grhk0,hk0.dat_gr.tpl
hk0010011,hk0010011,2875.0,7375.0,grhk0,hk0.dat_gr.tpl
hk0010012,hk0010012,3125.0,7375.0,grhk0,hk0.dat_gr.tpl
hk0010013,hk0010013,3375.0,7375.0,grhk0,hk0.dat_gr.tpl
hk0010014,hk0010014,3625.0,7375.0,grhk0,hk0.dat_gr.tpl
hk0010015,hk0010015,3875.0,7375.0,grhk0,hk0.dat_gr.tpl
hk0010016,hk0010016,4125.0,7375.0,grhk0,hk0.dat_gr.tpl
hk0010017,hk0010017,4375.0,7375.0,grhk0,hk0.dat_gr.tpl
hk0010018,hk0010018,4625.0,7375.0,grhk0,hk0.dat_gr.tpl
hk0010019,hk0010019,4875.0,7375.0,grhk0,hk0.dat_gr.tpl
hk0011000,hk0011000,125.0,7125.0,grhk0,hk0.dat_gr.tpl
hk0011001,hk0011001,375.0,7125.0,grhk0,hk0.dat_gr.tpl
hk0011002,hk0011002,625.0,7125.0,grhk0,hk0.dat_gr.tpl
hk0011003,hk0011003,875.0,7125.0,grhk0,hk0.dat_gr.tpl
hk0011008,hk0011008,2125.0,7125.0,grhk0,hk0.dat_gr.tpl
hk0011009,hk0011009,2375.0,7125.0,grhk0,hk0.dat_gr.tpl
hk0011010,hk0011010,2625.0,7125.0,grhk0,hk0.dat_gr.tpl
hk0011011,hk0011011,2875.0,7125.0,grhk0,hk0.dat_gr.tpl
hk0011012,hk0011012,3125.0,7125.0,grhk0,hk0.dat_gr.tpl
hk0011013,hk0011013,3375.0,7125.0,grhk0,hk0.dat_gr.tpl
hk0011014,hk0011014,3625.0,7125.0,grhk0,hk0.dat_gr.tpl
hk0011015,hk0011015,3875.0,7125.0,grhk0,hk0.dat_gr.tpl
hk0011016,hk0011016,4125.0,7125.0,grhk0,hk0.dat_gr.tpl
hk0011017,hk0011017,4375.0,7125.0,grhk0,hk0.dat_gr.tpl
hk0011018,hk0011018,4625.0,7125.0,grhk0,hk0.dat_gr.tpl
hk0011019,hk0011019,4875.0,7125.0,grhk0,hk0.dat_gr.tpl
hk0012000,hk0012000,125.0,6875.0,grhk0,hk0.dat_gr.tpl
hk0012001,hk0012001,375.0,6875.0,grhk0,hk0.dat_gr.tpl
hk0012002,hk0012002,625.0,6875.0,grhk0,hk0.dat_gr.tpl
hk0012003,hk0012003,875.0,6875.0,grhk0,hk0.dat_gr.tpl
hk0012008,hk0012008,2125.0,6875.0,grhk0,hk0.dat_gr.tpl
hk0012009,hk0012009,2375.0,6875.0,grhk0,hk0.dat_gr.tpl
hk0012010,hk0012010,2625.0,6875.0,grhk0,hk0.dat_gr.tpl
hk0012011,hk0012011,2875.0,6875.0,grhk0,hk0.dat_gr.tpl
hk0012012,hk0012012,3125.0,6875.0,grhk0,hk0.dat_gr.tpl
hk0012013,hk0012013,3375.0,6875.0,grhk0,hk0.dat_gr.tpl
hk0012014,hk0012014,3625.0,6875.0,grhk0,hk0.dat_gr.tpl
hk0012015,hk0012015,3875.0,6875.0,grhk0,hk0.dat_gr.tpl
hk0012016,hk0012016,4125.0,6875.0,grhk0,hk0.dat_gr.tpl
hk0012017,hk0012017,4375.0,6875.0,grhk0,hk0.dat_gr.tpl
hk0012018,hk0012018,4625.0,6875.0,grhk0,hk0.dat_gr.tpl
hk0012019,hk0012019,4875.0,6875.0,grhk0,hk0.dat_gr.tpl
hk0013000,hk0013000,125.0,6625.0,grhk0,hk0.dat_gr.tpl
hk0013001,hk0013001,375.0,6625.0,grhk0,hk0.dat_gr.tpl
hk0013002,hk0013002,625.0,6625.0,grhk0,hk0.dat_gr.tpl
hk0013003,hk0013003,875.0,6625.0,grhk0,hk0.dat_gr.tpl
hk0013008,hk0013008,2125.0,6625.0,grhk0,hk0.dat_gr.tpl
hk0013009,hk0013009,2375.0,6625.0,grhk0,hk0.dat_gr.tpl
hk0013010,hk0013010,2625.0,6625.0,grhk0,hk0.dat_gr.tpl
hk0013011,hk0013011,2875.0,6625.0,grhk0,hk0.dat_gr.tpl
hk0013012,hk0013012,3125.0,6625.0,grhk0,hk0.dat_gr.tpl
hk0013013,hk0013013,3375.0,6625.0,grhk0,hk0.dat_gr.tpl
hk0013014,hk0013014,3625.0,6625.0,grhk0,hk0.dat_gr.tpl
hk0013015,hk0013015,3875.0,6625.0,grhk0,hk0.dat_gr.tpl
hk0013016,hk0013016,4125.0,6625.0,grhk0,hk0.dat_gr.tpl
hk0013017,hk0013017,4375.0,6625.0,grhk0,hk0.dat_gr.tpl
hk0013018,hk0013018,4625.0,6625.0,grhk0,hk0.dat_gr.tpl
hk0013019,hk0013019,4875.0,6625.0,grhk0,hk0.dat_gr.tpl
hk0014000,hk0014000,125.0,6375.0,grhk0,hk0.dat_gr.tpl
hk0014001,hk0014001,375.0,6375.0,grhk0,hk0.dat_gr.tpl
hk0014002,hk0014002,625.0,6375.0,grhk0,hk0.dat_gr.tpl
hk0014003,hk0014003,875.0,6375.0,grhk0,hk0.dat_gr.tpl
hk0014008,hk0014008,2125.0,6375.0,grhk0,hk0.dat_gr.tpl
hk0014009,hk0014009,2375.0,6375.0,grhk0,hk0.dat_gr.tpl
hk0014010,hk0014010,2625.0,6375.0,grhk0,hk0.dat_gr.tpl
hk0014011,hk0014011,2875.0,6375.0,grhk0,hk0.dat_gr.tpl
hk0014012,hk0014012,3125.0,6375.0,grhk0,hk0.dat_gr.tpl
hk0014013,hk0014013,3375.0,6375.0,grhk0,hk0.dat_gr.tpl
hk0014014,hk0014014,3625.0,6375.0,grhk0,hk0.dat_gr.tpl
hk0014015,hk0014015,3875.0,6375.0,grhk0,hk0.dat_gr.tpl
hk0014016,hk0014016,4125.0,6375.0,grhk0,hk0.dat_gr.tpl
hk0014017,hk0014017,4375.0,6375.0,grhk0,hk0.dat_gr.tpl
hk0014018,hk0014018,4625.0,6375.0,grhk0,hk0.dat_gr.tpl
hk0014019,hk0014019,4875.0,6375.0,grhk0,hk0.dat_gr.tpl
hk0015000,hk0015000,125.0,6125.0,grhk0,hk0.dat_gr.tpl
hk0015001,hk0015001,375.0,6125.0,grhk0,hk0.dat_gr.tpl
hk0015002,hk0015002,625.0,6125.0,grhk0,hk0.dat_gr.tpl
hk0015003,hk0015003,875.0,6125.0,grhk0,hk0.dat_gr.tpl
hk0015008,hk0015008,2125.0,6125.0,grhk0,hk0.dat_gr.tpl
hk0015009,hk0015009,2375.0,6125.0,grhk0,hk0.dat_gr.tpl
hk0015010,hk0015010,2625.0,6125.0,grhk0,hk0.dat_gr.tpl
hk0015011,hk0015011,2875.0,6125.0,grhk0,hk0.dat_gr.tpl
hk0015012,hk0015012,3125.0,6125.0,grhk0,hk0.dat_gr.tpl
hk0015013,hk0015013,3375.0,6125.0,grhk0,hk0.dat_gr.tpl
hk0015014,hk0015014,3625.0,6125.0,grhk0,hk0.dat_gr.tpl
hk0015015,hk0015015,3875.0,6125.0,grhk0,hk0.dat_gr.tpl
hk0015016,hk0015016,4125.0,6125.0,grhk0,hk0.dat_gr.tpl
hk0015017,hk0015017,4375.0,6125.0,grhk0,hk0.dat_gr.tpl
hk0015018,hk0015018,4625.0,6125.0,grhk0,hk0.dat_gr.tpl
hk0015019,hk0015019,4875.0,6125.0,grhk0,hk0.dat_gr.tpl
hk0016000,hk0016000,125.0,5875.0,grhk0,hk0.dat_gr.tpl
hk0016001,hk0016001,375.0,5875.0,grhk0,hk0.dat_gr.tpl
hk0016002,hk0016002,625.0,5875.0,grhk0,hk0.dat_gr.tpl
hk0016003,hk0016003,875.0,5875.0,grhk0,hk0.dat_gr.tpl
hk0016008,hk0016008,2125.0,5875.0,grhk0,hk0.dat_gr.tpl
hk0016009,hk0016009,2375.0,5875.0,grhk0,hk0.dat_gr.tpl
hk0016010,hk0016010,2625.0,5875.0,grhk0,hk0.dat_gr.tpl
hk0016011,hk0016011,2875.0,5875.0,grhk0,hk0.dat_gr.tpl
hk0016012,hk0016012,3125.0,5875.0,grhk0,hk0.dat_gr.tpl
hk0016013,hk0016013,3375.0,5875.0,grhk0,hk0.dat_gr.tpl
hk0016014,hk0016014,3625.0,5875.0,grhk0,hk0.dat_gr.tpl
hk0016015,hk0016015,3875.0,5875.0,grhk0,hk0.dat_gr.tpl
hk0016016,hk0016016,4125.0,5875.0,grhk0,hk0.dat_gr.tpl
hk0016017,hk0016017,4375.0,5875.0,grhk0,hk0.dat_gr.tpl
hk0016018,hk0016018,4625.0,5875.0,grhk0,hk0.dat_gr.tpl
hk0016019,hk0016019,4875.0,5875.0,grhk0,hk0.dat_gr.tpl
hk0017000,hk0017000,125.0,5625.0,grhk0,hk0.dat_gr.tpl
hk0017001,hk0017001,375.0,5625.0,grhk0,hk0.dat_gr.tpl
hk0017002,hk0017002,625.0,5625.0,grhk0,hk0.dat_gr.tpl
hk0017003,hk0017003,875.0,5625.0,grhk0,hk0.dat_gr.tpl
hk0017008,hk0017008,2125.0,5625.0,grhk0,hk0.dat_gr.tpl
hk0017009,hk0017009,2375.0,5625.0,grhk0,hk0.dat_gr.tpl
hk0017010,hk0017010,2625.0,5625.0,grhk0,hk0.dat_gr.tpl
hk0017011,hk0017011,2875.0,5625.0,grhk0,hk0.dat_gr.tpl
hk0017012,hk0017012,3125.0,5625.0,grhk0,hk0.dat_gr.tpl
hk0017013,hk0017013,3375.0,5625.0,grhk0,hk0.dat_gr.tpl
hk0017014,hk0017014,3625.0,5625.0,grhk0,hk0.dat_gr.tpl
hk0017015,hk0017015,3875.0,5625.0,grhk0,hk0.dat_gr.tpl
hk0017016,hk0017016,4125.0,5625.0,grhk0,hk0.dat_gr.tpl
hk0017017,hk0017017,4375.0,5625.0,grhk0,hk0.dat_gr.tpl
hk0017018,hk0017018,4625.0,5625.0,grhk0,hk0.dat_gr.tpl
hk0017019,hk0017019,4875.0,5625.0,grhk0,hk0.dat_gr.tpl
hk0018000,hk0018000,125.0,5375.0,grhk0,hk0.dat_gr.tpl
hk0018001,hk0018001,375.0,5375.0,grhk0,hk0.dat_gr.tpl
hk0018002,hk0018002,625.0,5375.0,grhk0,hk0.dat_gr.tpl
hk0018003,hk0018003,875.0,5375.0,grhk0,hk0.dat_gr.tpl
hk0018008,hk0018008,2125.0,5375.0,grhk0,hk0.dat_gr.tpl
hk0018009,hk0018009,2375.0,5375.0,grhk0,hk0.dat_gr.tpl
hk0018010,hk0018010,2625.0,5375.0,grhk0,hk0.dat_gr.tpl
hk0018011,hk0018011,2875.0,5375.0,grhk0,hk0.dat_gr.tpl
hk0018012,hk0018012,3125.0,5375.0,grhk0,hk0.dat_gr.tpl
hk0018013,hk0018013,3375.0,5375.0,grhk0,hk0.dat_gr.tpl
hk0018014,hk0018014,3625.0,5375.0,grhk0,hk0.dat_gr.tpl
hk0018015,hk0018015,3875.0,5375.0,grhk0,hk0.dat_gr.tpl
hk0018016,hk0018016,4125.0,5375.0,grhk0,hk0.dat_gr.tpl
hk0018017,hk0018017,4375.0,5375.0,grhk0,hk0.dat_gr.tpl
hk0018018,hk0018018,4625.0,5375.0,grhk0,hk0.dat_gr.tpl
hk0018019,hk0018019,4875.0,5375.0,grhk0,hk0.dat_gr.tpl
hk0019000,hk0019000,125.0,5125.0,grhk0,hk0.dat_gr.tpl
hk0019001,hk0019001,375.0,5125.0,grhk0,hk0.dat_gr.tpl
hk0019002,hk0019002,625.0,5125.0,grhk0,hk0.dat_gr.tpl
hk0019003,hk0019003,875.0,5125.0,grhk0,hk0.dat_gr.tpl
hk0019008,hk0019008,2125.0,5125.0,grhk0,hk0.dat_gr.tpl
hk0019009,hk0019009,2375.0,5125.0,grhk0,hk0.dat_gr.tpl
hk0019010,hk0019010,2625.0,5125.0,grhk0,hk0.dat_gr.tpl
hk0019011,hk0019011,2875.0,5125.0,grhk0,hk0.dat_gr.tpl
hk0019012,hk0019012,3125.0,5125.0,grhk0,hk0.dat_gr.tpl
hk0019013,hk0019013,3375.0,5125.0,grhk0,hk0.dat_gr.tpl
hk0019014,hk0019014,3625.0,5125.0,grhk0,hk0.dat_gr.tpl
hk0019015,hk0019015,3875.0,5125.0,grhk0,hk0.dat_gr.tpl
hk0019016,hk0019016,4125.0,5125.0,grhk0,hk0.dat_gr.tpl
hk0019017,hk0019017,4375.0,5125.0,grhk0,hk0.dat_gr.tpl
hk0019018,hk0019018,4625.0,5125.0,grhk0,hk0.dat_gr.tpl
hk0019019,hk0019019,4875.0,5125.0,grhk0,hk0.dat_gr.tpl
hk0020000,hk0020000,125.0,4875.0,grhk0,hk0.dat_gr.tpl
hk0020001,hk0020001,375.0,4875.0,grhk0,hk0.dat_gr.tpl
hk0020002,hk0020002,625.0,4875.0,grhk0,hk0.dat_gr.tpl
hk0020003,hk0020003,875.0,4875.0,grhk0,hk0.dat_gr.tpl
hk0020008,hk0020008,2125.0,4875.0,grhk0,hk0.dat_gr.tpl
hk0020009,hk0020009,2375.0,4875.0,grhk0,hk0.dat_gr.tpl
hk0020010,hk0020010,2625.0,4875.0,grhk0,hk0.dat_gr.tpl
hk0020011,hk0020011,2875.0,4875.0,grhk0,hk0.dat_gr.tpl
hk0020012,hk0020012,3125.0,4875.0,grhk0,hk0.dat_gr.tpl
hk0020013,hk0020013,3375.0,4875.0,grhk0,hk0.dat_gr.tpl
hk0020014,hk0020014,3625.0,4875.0,grhk0,hk0.dat_gr.tpl
hk0020015,hk0020015,3875.0,4875.0,grhk0,hk0.dat_gr.tpl
hk0020016,hk0020016,4125.0,4875.0,grhk0,hk0.dat_gr.tpl
hk0020017,hk0020017,4375.0,4875.0,grhk0,hk0.dat_gr.tpl
hk0020018,hk0020018,4625.0,4875.0,grhk0,hk0.dat_gr.tpl
hk0020019,hk0020019,4875.0,4875.0,grhk0,hk0.dat_gr.tpl
hk0021000,hk0021000,125.0,4625.0,grhk0,hk0.dat_gr.tpl
hk0021001,hk0021001,375.0,4625.0,grhk0,hk0.dat_gr.tpl
hk0021002,hk0021002,625.0,4625.0,grhk0,hk0.dat_gr.tpl
hk0021003,hk0021003,875.0,4625.0,grhk0,hk0.dat_gr.tpl
hk0021006,hk0021006,1625.0,4625.0,grhk0,hk0.dat_gr.tpl
hk0021007,hk0021007,1875.0,4625.0,grhk0,hk0.dat_gr.tpl
hk0021008,hk0021008,2125.0,4625.0,grhk0,hk0.dat_gr.tpl
hk0021009,hk0021009,2375.0,4625.0,grhk0,hk0.dat_gr.tpl
hk0021010,hk0021010,2625.0,4625.0,grhk0,hk0.dat_gr.tpl
hk0021011,hk0021011,2875.0,4625.0,grhk0,hk0.dat_gr.tpl
hk0021012,hk0021012,3125.0,4625.0,grhk0,hk0.dat_gr.tpl
hk0021013,hk0021013,3375.0,4625.0,grhk0,hk0.dat_gr.tpl
hk0021014,hk0021014,3625.0,4625.0,grhk0,hk0.dat_gr.tpl
hk0021015,hk0021015,3875.0,4625.0,grhk0,hk0.dat_gr.tpl
hk0021016,hk0021016,4125.0,4625.0,grhk0,hk0.dat_gr.tpl
hk0021017,hk0021017,4375.0,4625.0,grhk0,hk0.dat_gr.tpl
hk0021018,hk0021018,4625.0,4625.0,grhk0,hk0.dat_gr.tpl
hk0021019,hk0021019,4875.0,4625.0,grhk0,hk0.dat_gr.tpl
hk0022000,hk0022000,125.0,4375.0,grhk0,hk0.dat_gr.tpl
hk0022001,hk0022001,375.0,4375.0,grhk0,hk0.dat_gr.tpl
hk0022002,hk0022002,625.0,4375.0,grhk0,hk0.dat_gr.tpl
hk0022003,hk0022003,875.0,4375.0,grhk0,hk0.dat_gr.tpl
hk0022004,hk0022004,1125.0,4375.0,grhk0,hk0.dat_gr.tpl
hk0022006,hk0022006,1625.0,4375.0,grhk0,hk0.dat_gr.tpl
hk0022007,hk0022007,1875.0,4375.0,grhk0,hk0.dat_gr.tpl
hk0022008,hk0022008,2125.0,4375.0,grhk0,hk0.dat_gr.tpl
hk0022009,hk0022009,2375.0,4375.0,grhk0,hk0.dat_gr.tpl
hk0022010,hk0022010,2625.0,4375.0,grhk0,hk0.dat_gr.tpl
hk0022011,hk0022011,2875.0,4375.0,grhk0,hk0.dat_gr.tpl
hk0022012,hk0022012,3125.0,4375.0,grhk0,hk0.dat_gr.tpl
hk0022013,hk0022013,3375.0,4375.0,grhk0,hk0.dat_gr.tpl
hk0022014,hk0022014,3625.0,4375.0,grhk0,hk0.dat_gr.tpl
hk0022015,hk0022015,3875.0,4375.0,grhk0,hk0.dat_gr.tpl
hk0022016,hk0022016,4125.0,4375.0,grhk0,hk0.dat_gr.tpl
hk0022017,hk0022017,4375.0,4375.0,grhk0,hk0.dat_gr.tpl
hk0022018,hk0022018,4625.0,4375.0,grhk0,hk0.dat_gr.tpl
hk0022019,hk0022019,4875.0,4375.0,grhk0,hk0.dat_gr.tpl
hk0023000,hk0023000,125.0,4125.0,grhk0,hk0.dat_gr.tpl
hk0023001,hk0023001,375.0,4125.0,grhk0,hk0.dat_gr.tpl
hk0023002,hk0023002,625.0,4125.0,grhk0,hk0.dat_gr.tpl
hk0023003,hk0023003,875.0,4125.0,grhk0,hk0.dat_gr.tpl
hk0023004,hk0023004,1125.0,4125.0,grhk0,hk0.dat_gr.tpl
hk0023005,hk0023005,1375.0,4125.0,grhk0,hk0.dat_gr.tpl
hk0023006,hk0023006,1625.0,4125.0,grhk0,hk0.dat_gr.tpl
hk0023007,hk0023007,1875.0,4125.0,grhk0,hk0.dat_gr.tpl
hk0023008,hk0023008,2125.0,4125.0,grhk0,hk0.dat_gr.tpl
hk0023009,hk0023009,2375.0,4125.0,grhk0,hk0.dat_gr.tpl
hk0023010,hk0023010,2625.0,4125.0,grhk0,hk0.dat_gr.tpl
hk0023011,hk0023011,2875.0,4125.0,grhk0,hk0.dat_gr.tpl
hk0023012,hk0023012,3125.0,4125.0,grhk0,hk0.dat_gr.tpl
hk0023013,hk0023013,3375.0,4125.0,grhk0,hk0.dat_gr.tpl
hk0023014,hk0023014,3625.0,4125.0,grhk0,hk0.dat_gr.tpl
hk0023015,hk0023015,3875.0,4125.0,grhk0,hk0.dat_gr.tpl
hk0023016,hk0023016,4125.0,4125.0,grhk0,hk0.dat_gr.tpl
hk0023017,hk0023017,4375.0,4125.0,grhk0,hk0.dat_gr.tpl
hk0023018,hk0023018,4625.0,4125.0,grhk0,hk0.dat_gr.tpl
hk0023019,hk0023019,4875.0,4125.0,grhk0,hk0.dat_gr.tpl
hk0024000,hk0024000,125.0,3875.0,grhk0,hk0.dat_gr.tpl
hk0024001,hk0024001,375.0,3875.0,grhk0,hk0.dat_gr.tpl
hk0024002,hk0024002,625.0,3875.0,grhk0,hk0.dat_gr.tpl
hk0024003,hk0024003,875.0,3875.0,grhk0,hk0.dat_gr.tpl
hk0024004,hk0024004,1125.0,3875.0,grhk0,hk0.dat_gr.tpl
hk0024005,hk0024005,1375.0,3875.0,grhk0,hk0.dat_gr.tpl
hk0024006,hk0024006,1625.0,3875.0,grhk0,hk0.dat_gr.tpl
hk0024007,hk0024007,1875.0,3875.0,grhk0,hk0.dat_gr.tpl
hk0024008,hk0024008,2125.0,3875.0,grhk0,hk0.dat_gr.tpl
hk0024009,hk0024009,2375.0,3875.0,grhk0,hk0.dat_gr.tpl
hk0024010,hk0024010,2625.0,3875.0,grhk0,hk0.dat_gr.tpl
hk0024011,hk0024011,2875.0,3875.0,grhk0,hk0.dat_gr.tpl
hk0024012,hk0024012,3125.0,3875.0,grhk0,hk0.dat_gr.tpl
hk0024013,hk0024013,3375.0,3875.0,grhk0,hk0.dat_gr.tpl
hk0024014,hk0024014,3625.0,3875.0,grhk0,hk0.dat_gr.tpl
hk0024015,hk0024015,3875.0,3875.0,grhk0,hk0.dat_gr.tpl
hk0024016,hk0024016,4125.0,3875.0,grhk0,hk0.dat_gr.tpl
hk0024017,hk0024017,4375.0,3875.0,grhk0,hk0.dat_gr.tpl
hk0024018,hk0024018,4625.0,3875.0,grhk0,hk0.dat_gr.tpl
hk0024019,hk0024019,4875.0,3875.0,grhk0,hk0.dat_gr.tpl
hk0025000,hk0025000,125.0,3625.0,grhk0,hk0.dat_gr.tpl
hk0025001,hk0025001,375.0,3625.0,grhk0,hk0.dat_gr.tpl
hk0025002,hk0025002,625.0,3625.0,grhk0,hk0.dat_gr.tpl
hk0025003,hk0025003,875.0,3625.0,grhk0,hk0.dat_gr.tpl
hk0025004,hk0025004,1125.0,3625.0,grhk0,hk0.dat_gr.tpl
hk0025005,hk0025005,1375.0,3625.0,grhk0,hk0.dat_gr.tpl
hk0025006,hk0025006,1625.0,3625.0,grhk0,hk0.dat_gr.tpl
hk0025007,hk0025007,1875.0,3625.0,grhk0,hk0.dat_gr.tpl
hk0025008,hk0025008,2125.0,3625.0,grhk0,hk0.dat_gr.tpl
hk0025009,hk0025009,2375.0,3625.0,grhk0,hk0.dat_gr.tpl
hk0025010,hk0025010,2625.0,3625.0,grhk0,hk0.dat_gr.tpl
hk0025011,hk0025011,2875.0,3625.0,grhk0,hk0.dat_gr.tpl
hk0025012,hk0025012,3125.0,3625.0,grhk0,hk0.dat_gr.tpl
hk0025013,hk0025013,3375.0,3625.0,grhk0,hk0.dat_gr.tpl
hk0025014,hk0025014,3625.0,3625.0,grhk0,hk0.dat_gr.tpl
hk0025015,hk0025015,3875.0,3625.0,grhk0,hk0.dat_gr.tpl
hk0025016,hk0025016,4125.0,3625.0,grhk0,hk0.dat_gr.tpl
hk0025017,hk0025017,4375.0,3625.0,grhk0,hk0.dat_gr.tpl
hk0025018,hk0025018,4625.0,3625.0,grhk0,hk0.dat_gr.tpl
hk0025019,hk0025019,4875.0,3625.0,grhk0,hk0.dat_gr.tpl
hk0026000,hk0026000,125.0,3375.0,grhk0,hk0.dat_gr.tpl
hk0026001,hk0026001,375.0,3375.0,grhk0,hk0.dat_gr.tpl
hk0026002,hk0026002,625.0,3375.0,grhk0,hk0.dat_gr.tpl
hk0026003,hk0026003,875.0,3375.0,grhk0,hk0.dat_gr.tpl
hk0026004,hk0026004,1125.0,3375.0,grhk0,hk0.dat_gr.tpl
hk0026005,hk0026005,1375.0,3375.0,grhk0,hk0.dat_gr.tpl
hk0026006,hk0026006,1625.0,3375.0,grhk0,hk0.dat_gr.tpl
hk0026007,hk0026007,1875.0,3375.0,grhk0,hk0.dat_gr.tpl
hk0026008,hk0026008,2125.0,3375.0,grhk0,hk0.dat_gr.tpl
hk0026009,hk0026009,2375.0,3375.0,grhk0,hk0.dat_gr.tpl
hk0026010,hk0026010,2625.0,3375.0,grhk0,hk0.dat_gr.tpl
hk0026011,hk0026011,2875.0,3375.0,grhk0,hk0.dat_gr.tpl
hk0026012,hk0026012,3125.0,3375.0,grhk0,hk0.dat_gr.tpl
hk0026013,hk0026013,3375.0,3375.0,grhk0,hk0.dat_gr.tpl
hk0026014,hk0026014,3625.0,3375.0,grhk0,hk0.dat_gr.tpl
hk0026015,hk0026015,3875.0,3375.0,grhk0,hk0.dat_gr.tpl
hk0026016,hk0026016,4125.0,3375.0,grhk0,hk0.dat_gr.tpl
hk0026017,hk0026017,4375.0,3375.0,grhk0,hk0.dat_gr.tpl
hk0026018,hk0026018,4625.0,3375.0,grhk0,hk0.dat_gr.tpl
hk0026019,hk0026019,4875.0,3375.0,grhk0,hk0.dat_gr.tpl
hk0027000,hk0027000,125.0,3125.0,grhk0,hk0.dat_gr.tpl
hk0027001,hk0027001,375.0,3125.0,grhk0,hk0.dat_gr.tpl
hk0027002,hk0027002,625.0,3125.0,grhk0,hk0.dat_gr.tpl
hk0027003,hk0027003,875.0,3125.0,grhk0,hk0.dat_gr.tpl
hk0027004,hk0027004,1125.0,3125.0,grhk0,hk0.dat_gr.tpl
hk0027005,hk0027005,1375.0,3125.0,grhk0,hk0.dat_gr.tpl
hk0027006,hk0027006,1625.0,3125.0,grhk0,hk0.dat_gr.tpl
hk0027007,hk0027007,1875.0,3125.0,grhk0,hk0.dat_gr.tpl
hk0027008,hk0027008,2125.0,3125.0,grhk0,hk0.dat_gr.tpl
hk0027009,hk0027009,2375.0,3125.0,grhk0,hk0.dat_gr.tpl
hk0027010,hk0027010,2625.0,3125.0,grhk0,hk0.dat_gr.tpl
hk0027011,hk0027011,2875.0,3125.0,grhk0,hk0.dat_gr.tpl
hk0027012,hk0027012,3125.0,3125.0,grhk0,hk0.dat_gr.tpl
hk0027013,hk0027013,3375.0,3125.0,grhk0,hk0.dat_gr.tpl
hk0027014,hk0027014,3625.0,3125.0,grhk0,hk0.dat_gr.tpl
hk0027015,hk0027015,3875.0,3125.0,grhk0,hk0.dat_gr.tpl
hk0027016,hk0027016,4125.0,3125.0,grhk0,hk0.dat_gr.tpl
hk0027017,hk0027017,4375.0,3125.0,grhk0,hk0.dat_gr.tpl
hk0027018,hk0027018,4625.0,3125.0,grhk0,hk0.dat_gr.tpl
hk0027019,hk0027019,4875.0,3125.0,grhk0,hk0.dat_gr.tpl
hk0028000,hk0028000,125.0,2875.0,grhk0,hk0.dat_gr.tpl
hk0028001,hk0028001,375.0,2875.0,grhk0,hk0.dat_gr.tpl
hk0028002,hk0028002,625.0,2875.0,grhk0,hk0.dat_gr.tpl
hk0028003,hk0028003,875.0,2875.0,grhk0,hk0.dat_gr.tpl
hk0028004,hk0028004,1125.0,2875.0,grhk0,hk0.dat_gr.tpl
hk0028005,hk0028005,1375.0,2875.0,grhk0,hk0.dat_gr.tpl
hk0028006,hk0028006,1625.0,2875.0,grhk0,hk0.dat_gr.tpl
hk0028007,hk0028007,1875.0,2875.0,grhk0,hk0.dat_gr.tpl
hk0028008,hk0028008,2125.0,2875.0,grhk0,hk0.dat_gr.tpl
hk0028009,hk0028009,2375.0,2875.0,grhk0,hk0.dat_gr.tpl
hk0028010,hk0028010,2625.0,2875.0,grhk0,hk0.dat_gr.tpl
hk0028011,hk0028011,2875.0,2875.0,grhk0,hk0.dat_gr.tpl
hk0028012,hk0028012,3125.0,2875.0,grhk0,hk0.dat_gr.tpl
hk0028013,hk0028013,3375.0,2875.0,grhk0,hk0.dat_gr.tpl
hk0028014,hk0028014,3625.0,2875.0,grhk0,hk0.dat_gr.tpl
hk0028015,hk0028015,3875.0,2875.0,grhk0,hk0.dat_gr.tpl
hk0028016,hk0028016,4125.0,2875.0,grhk0,hk0.dat_gr.tpl
hk0028017,hk0028017,4375.0,2875.0,grhk0,hk0.dat_gr.tpl
hk0028018,hk0028018,4625.0,2875.0,grhk0,hk0.dat_gr.tpl
hk0028019,hk0028019,4875.0,2875.0,grhk0,hk0.dat_gr.tpl
hk0029000,hk0029000,125.0,2625.0,grhk0,hk0.dat_gr.tpl
hk0029001,hk0029001,375.0,2625.0,grhk0,hk0.dat_gr.tpl
hk0029002,hk0029002,625.0,2625.0,grhk0,hk0.dat_gr.tpl
hk0029003,hk0029003,875.0,2625.0,grhk0,hk0.dat_gr.tpl
hk0029004,hk0029004,1125.0,2625.0,grhk0,hk0.dat_gr.tpl
hk0029005,hk0029005,1375.0,2625.0,grhk0,hk0.dat_gr.tpl
hk0029006,hk0029006,1625.0,2625.0,grhk0,hk0.dat_gr.tpl
hk0029007,hk0029007,1875.0,2625.0,grhk0,hk0.dat_gr.tpl
hk0029008,hk0029008,2125.0,2625.0,grhk0,hk0.dat_gr.tpl
hk0029009,hk0029009,2375.0,2625.0,grhk0,hk0.dat_gr.tpl
hk0029010,hk0029010,2625.0,2625.0,grhk0,hk0.dat_gr.tpl
hk0029011,hk0029011,2875.0,2625.0,grhk0,hk0.dat_gr.tpl
hk0029012,hk0029012,3125.0,2625.0,grhk0,hk0.dat_gr.tpl
hk0029013,hk0029013,3375.0,2625.0,grhk0,hk0.dat_gr.tpl
hk0029014,hk0029014,3625.0,2625.0,grhk0,hk0.dat_gr.tpl
hk0029015,hk0029015,3875.0,2625.0,grhk0,hk0.dat_gr.tpl
hk0029016,hk0029016,4125.0,2625.0,grhk0,hk0.dat_gr.tpl
hk0029017,hk0029017,4375.0,2625.0,grhk0,hk0.dat_gr.tpl
hk0029018,hk0029018,4625.0,2625.0,grhk0,hk0.dat_gr.tpl
hk0029019,hk0029019,4875.0,2625.0,grhk0,hk0.dat_gr.tpl
hk0030000,hk0030000,125.0,2375.0,grhk0,hk0.dat_gr.tpl
hk0030001,hk0030001,375.0,2375.0,grhk0,hk0.dat_gr.tpl
hk0030002,hk0030002,625.0,2375.0,grhk0,hk0.dat_gr.tpl
hk0030003,hk0030003,875.0,2375.0,grhk0,hk0.dat_gr.tpl
hk0030004,hk0030004,1125.0,2375.0,grhk0,hk0.dat_gr.tpl
hk0030005,hk0030005,1375.0,2375.0,grhk0,hk0.dat_gr.tpl
hk0030006,hk0030006,1625.0,2375.0,grhk0,hk0.dat_gr.tpl
hk0030007,hk0030007,1875.0,2375.0,grhk0,hk0.dat_gr.tpl
hk0030008,hk0030008,2125.0,2375.0,grhk0,hk0.dat_gr.tpl
hk0030009,hk0030009,2375.0,2375.0,grhk0,hk0.dat_gr.tpl
hk0030010,hk0030010,2625.0,2375.0,grhk0,hk0.dat_gr.tpl
hk0030011,hk0030011,2875.0,2375.0,grhk0,hk0.dat_gr.tpl
hk0030012,hk0030012,3125.0,2375.0,grhk0,hk0.dat_gr.tpl
hk0030013,hk0030013,3375.0,2375.0,grhk0,hk0.dat_gr.tpl
hk0030014,hk0030014,3625.0,2375.0,grhk0,hk0.dat_gr.tpl
hk0030015,hk0030015,3875.0,2375.0,grhk0,hk0.dat_gr.tpl
hk0030016,hk0030016,4125.0,2375.0,grhk0,hk0.dat_gr.tpl
hk0030017,hk0030017,4375.0,2375.0,grhk0,hk0.dat_gr.tpl
hk0030018,hk0030018,4625.0,2375.0,grhk0,hk0.dat_gr.tpl
hk0030019,hk0030019,4875.0,2375.0,grhk0,hk0.dat_gr.tpl
hk0031000,hk0031000,125.0,2125.0,grhk0,hk0.dat_gr.tpl
hk0031001,hk0031001,375.0,2125.0,grhk0,hk0.dat_gr.tpl
hk0031002,hk0031002,625.0,2125.0,grhk0,hk0.dat_gr.tpl
hk0031003,hk0031003,875.0,2125.0,grhk0,hk0.dat_gr.tpl
hk0031004,hk0031004,1125.0,2125.0,grhk0,hk0.dat_gr.tpl
hk0031005,hk0031005,1375.0,2125.0,grhk0,hk0.dat_gr.tpl
hk0031006,hk0031006,1625.0,2125.0,grhk0,hk0.dat_gr.tpl
hk0031007,hk0031007,1875.0,2125.0,grhk0,hk0.dat_gr.tpl
hk0031008,hk0031008,2125.0,2125.0,grhk0,hk0.dat_gr.tpl
hk0031009,hk0031009,2375.0,2125.0,grhk0,hk0.dat_gr.tpl
hk0031010,hk0031010,2625.0,2125.0,grhk0,hk0.dat_gr.tpl
hk0031011,hk0031011,2875.0,2125.0,grhk0,hk0.dat_gr.tpl
hk0031012,hk0031012,3125.0,2125.0,grhk0,hk0.dat_gr.tpl
hk0031013,hk0031013,3375.0,2125.0,grhk0,hk0.dat_gr.tpl
hk0031014,hk0031014,3625.0,2125.0,grhk0,hk0.dat_gr.tpl
hk0031015,hk0031015,3875.0,2125.0,grhk0,hk0.dat_gr.tpl
hk0031016,hk0031016,4125.0,2125.0,grhk0,hk0.dat_gr.tpl
hk0031017,hk0031017,4375.0,2125.0,grhk0,hk0.dat_gr.tpl
hk0031018,hk0031018,4625.0,2125.0,grhk0,hk0.dat_gr.tpl
hk0031019,hk0031019,4875.0,2125.0,grhk0,hk0.dat_gr.tpl
hk0032001,hk0032001,375.0,1875.0,grhk0,hk0.dat_gr.tpl
hk0032002,hk0032002,625.0,1875.0,grhk0,hk0.dat_gr.tpl
hk0032003,hk0032003,875.0,1875.0,grhk0,hk0.dat_gr.tpl
hk0032004,hk0032004,1125.0,1875.0,grhk0,hk0.dat_gr.tpl
hk0032005,hk0032005,1375.0,1875.0,grhk0,hk0.dat_gr.tpl
hk0032006,hk0032006,1625.0,1875.0,grhk0,hk0.dat_gr.tpl
hk0032007,hk0032007,1875.0,1875.0,grhk0,hk0.dat_gr.tpl
hk0032008,hk0032008,2125.0,1875.0,grhk0,hk0.dat_gr.tpl
hk0032009,hk0032009,2375.0,1875.0,grhk0,hk0.dat_gr.tpl
hk0032010,hk0032010,2625.0,1875.0,grhk0,hk0.dat_gr.tpl
hk0032011,hk0032011,2875.0,1875.0,grhk0,hk0.dat_gr.tpl
hk0032012,hk0032012,3125.0,1875.0,grhk0,hk0.dat_gr.tpl
hk0032013,hk0032013,3375.0,1875.0,grhk0,hk0.dat_gr.tpl
hk0032014,hk0032014,3625.0,1875.0,grhk0,hk0.dat_gr.tpl
hk0032015,hk0032015,3875.0,1875.0,grhk0,hk0.dat_gr.tpl
hk0032016,hk0032016,4125.0,1875.0,grhk0,hk0.dat_gr.tpl
hk0032017,hk0032017,4375.0,1875.0,grhk0,hk0.dat_gr.tpl
hk0032018,hk0032018,4625.0,1875.0,grhk0,hk0.dat_gr.tpl
hk0032019,hk0032019,4875.0,1875.0,grhk0,hk0.dat_gr.tpl
hk0033002,hk0033002,625.0,1625.0,grhk0,hk0.dat_gr.tpl
hk0033003,hk0033003,875.0,1625.0,grhk0,hk0.dat_gr.tpl
hk0033004,hk0033004,1125.0,1625.0,grhk0,hk0.dat_gr.tpl
hk0033005,hk0033005,1375.0,1625.0,grhk0,hk0.dat_gr.tpl
hk0033006,hk0033006,1625.0,1625.0,grhk0,hk0.dat_gr.tpl
hk0033007,hk0033007,1875.0,1625.0,grhk0,hk0.dat_gr.tpl
hk0033008,hk0033008,2125.0,1625.0,grhk0,hk0.dat_gr.tpl
hk0033009,hk0033009,2375.0,1625.0,grhk0,hk0.dat_gr.tpl
hk0033010,hk0033010,2625.0,1625.0,grhk0,hk0.dat_gr.tpl
hk0033011,hk0033011,2875.0,1625.0,grhk0,hk0.dat_gr.tpl
hk0033012,hk0033012,3125.0,1625.0,grhk0,hk0.dat_gr.tpl
hk0033013,hk0033013,3375.0,1625.0,grhk0,hk0.dat_gr.tpl
hk0033014,hk0033014,3625.0,1625.0,grhk0,hk0.dat_gr.tpl
hk0033015,hk0033015,3875.0,1625.0,grhk0,hk0.dat_gr.tpl
hk0033016,hk0033016,4125.0,1625.0,grhk0,hk0.dat_gr.tpl
hk0033017,hk0033017,4375.0,1625.0,grhk0,hk0.dat_gr.tpl
hk0033018,hk0033018,4625.0,1625.0,grhk0,hk0.dat_gr.tpl
hk0033019,hk0033019,4875.0,1625.0,grhk0,hk0.dat_gr.tpl
hk0034003,hk0034003,875.0,1375.0,grhk0,hk0.dat_gr.tpl
hk0034004,hk0034004,1125.0,1375.0,grhk0,hk0.dat_gr.tpl
hk0034005,hk0034005,1375.0,1375.0,grhk0,hk0.dat_gr.tpl
hk0034006,hk0034006,1625.0,1375.0,grhk0,hk0.dat_gr.tpl
hk0034007,hk0034007,1875.0,1375.0,grhk0,hk0.dat_gr.tpl
hk0034008,hk0034008,2125.0,1375.0,grhk0,hk0.dat_gr.tpl
hk0034009,hk0034009,2375.0,1375.0,grhk0,hk0.dat_gr.tpl
hk0034010,hk0034010,2625.0,1375.0,grhk0,hk0.dat_gr.tpl
hk0034011,hk0034011,2875.0,1375.0,grhk0,hk0.dat_gr.tpl
hk0034012,hk0034012,3125.0,1375.0,grhk0,hk0.dat_gr.tpl
hk0034013,hk0034013,3375.0,1375.0,grhk0,hk0.dat_gr.tpl
hk0034014,hk0034014,3625.0,1375.0,grhk0,hk0.dat_gr.tpl
hk0034015,hk0034015,3875.0,1375.0,grhk0,hk0.dat_gr.tpl
hk0034016,hk0034016,4125.0,1375.0,grhk0,hk0.dat_gr.tpl
hk0034017,hk0034017,4375.0,1375.0,grhk0,hk0.dat_gr.tpl
hk0034018,hk0034018,4625.0,1375.0,grhk0,hk0.dat_gr.tpl
hk0034019,hk0034019,4875.0,1375.0,grhk0,hk0.dat_gr.tpl
hk0035004,hk0035004,1125.0,1125.0,grhk0,hk0.dat_gr.tpl
hk0035005,hk0035005,1375.0,1125.0,grhk0,hk0.dat_gr.tpl
hk0035006,hk0035006,1625.0,1125.0,grhk0,hk0.dat_gr.tpl
hk0035007,hk0035007,1875.0,1125.0,grhk0,hk0.dat_gr.tpl
hk0035008,hk0035008,2125.0,1125.0,grhk0,hk0.dat_gr.tpl
hk0035009,hk0035009,2375.0,1125.0,grhk0,hk0.dat_gr.tpl
hk0035010,hk0035010,2625.0,1125.0,grhk0,hk0.dat_gr.tpl
hk0035011,hk0035011,2875.0,1125.0,grhk0,hk0.dat_gr.tpl
hk0035012,hk0035012,3125.0,1125.0,grhk0,hk0.dat_gr.tpl
hk0035013,hk0035013,3375.0,1125.0,grhk0,hk0.dat_gr.tpl
hk0035014,hk0035014,3625.0,1125.0,grhk0,hk0.dat_gr.tpl
hk0035015,hk0035015,3875.0,1125.0,grhk0,hk0.dat_gr.tpl
hk0035016,hk0035016,4125.0,1125.0,grhk0,hk0.dat_gr.tpl
hk0035017,hk0035017,4375.0,1125.0,grhk0,hk0.dat_gr.tpl
hk0035018,hk0035018,4625.0,1125.0,grhk0,hk0.dat_gr.tpl
hk0036004,hk0036004,1125.0,875.0,grhk0,hk0.dat_gr.tpl
hk0036005,hk0036005,1375.0,875.0,grhk0,hk0.dat_gr.tpl
hk0036006,hk0036006,1625.0,875.0,grhk0,hk0.dat_gr.tpl
hk0036007,hk0036007,1875.0,875.0,grhk0,hk0.dat_gr.tpl
hk0036008,hk0036008,2125.0,875.0,grhk0,hk0.dat_gr.tpl
hk0036009,hk0036009,2375.0,875.0,grhk0,hk0.dat_gr.tpl
hk0036010,hk0036010,2625.0,875.0,grhk0,hk0.dat_gr.tpl
hk0036011,hk0036011,2875.0,875.0,grhk0,hk0.dat_gr.tpl
hk0036012,hk0036012,3125.0,875.0,grhk0,hk0.dat_gr.tpl
hk0036013,hk0036013,3375.0,875.0,grhk0,hk0.dat_gr.tpl
hk0036014,hk0036014,3625.0,875.0,grhk0,hk0.dat_gr.tpl
hk0036015,hk0036015,3875.0,875.0,grhk0,hk0.dat_gr.tpl
hk0036016,hk0036016,4125.0,875.0,grhk0,hk0.dat_gr.tpl
hk0036017,hk0036017,4375.0,875.0,grhk0,hk0.dat_gr.tpl
hk0036018,hk0036018,4625.0,875.0,grhk0,hk0.dat_gr.tpl
hk0037005,hk0037005,1375.0,625.0,grhk0,hk0.dat_gr.tpl
hk0037006,hk0037006,1625.0,625.0,grhk0,hk0.dat_gr.tpl
hk0037007,hk0037007,1875.0,625.0,grhk0,hk0.dat_gr.tpl
hk0037008,hk0037008,2125.0,625.0,grhk0,hk0.dat_gr.tpl
hk0037009,hk0037009,2375.0,625.0,grhk0,hk0.dat_gr.tpl
hk0037010,hk0037010,2625.0,625.0,grhk0,hk0.dat_gr.tpl
hk0037011,hk0037011,2875.0,625.0,grhk0,hk0.dat_gr.tpl
hk0037012,hk0037012,3125.0,625.0,grhk0,hk0.dat_gr.tpl
hk0037013,hk0037013,3375.0,625.0,grhk0,hk0.dat_gr.tpl
hk0037014,hk0037014,3625.0,625.0,grhk0,hk0.dat_gr.tpl
hk0037015,hk0037015,3875.0,625.0,grhk0,hk0.dat_gr.tpl
hk0037016,hk0037016,4125.0,625.0,grhk0,hk0.dat_gr.tpl
hk0037017,hk0037017,4375.0,625.0,grhk0,hk0.dat_gr.tpl
hk0038005,hk0038005,1375.0,375.0,grhk0,hk0.dat_gr.tpl
hk0038006,hk0038006,1625.0,375.0,grhk0,hk0.dat_gr.tpl
hk0038007,hk0038007,1875.0,375.0,grhk0,hk0.dat_gr.tpl
hk0038008,hk0038008,2125.0,375.0,grhk0,hk0.dat_gr.tpl
hk0038009,hk0038009,2375.0,375.0,grhk0,hk0.dat_gr.tpl
hk0038010,hk0038010,2625.0,375.0,grhk0,hk0.dat_gr.tpl
hk0038011,hk0038011,2875.0,375.0,grhk0,hk0.dat_gr.tpl
hk0038012,hk0038012,3125.0,375.0,grhk0,hk0.dat_gr.tpl
hk0038013,hk0038013,3375.0,375.0,grhk0,hk0.dat_gr.tpl
hk0038014,hk0038014,3625.0,375.0,grhk0,hk0.dat_gr.tpl
hk0038015,hk0038015,3875.0,375.0,grhk0,hk0.dat_gr.tpl
hk0038016,hk0038016,4125.0,375.0,grhk0,hk0.dat_gr.tpl
rech0000000,rech0000000,125.0,9875.0,grrech0,rech0.dat_gr.tpl
rech0000001,rech0000001,375.0,9875.0,grrech0,rech0.dat_gr.tpl
rech0000002,rech0000002,625.0,9875.0,grrech0,rech0.dat_gr.tpl
rech0000003,rech0000003,875.0,9875.0,grrech0,rech0.dat_gr.tpl
rech0000004,rech0000004,1125.0,9875.0,grrech0,rech0.dat_gr.tpl
rech0000005,rech0000005,1375.0,9875.0,grrech0,rech0.dat_gr.tpl
rech0000006,rech0000006,1625.0,9875.0,grrech0,rech0.dat_gr.tpl
rech0000007,rech0000007,1875.0,9875.0,grrech0,rech0.dat_gr.tpl
rech0000008,rech0000008,2125.0,9875.0,grrech0,rech0.dat_gr.tpl
rech0000009,rech0000009,2375.0,9875.0,grrech0,rech0.dat_gr.tpl
rech0000010,rech0000010,2625.0,9875.0,grrech0,rech0.dat_gr.tpl
rech0000011,rech0000011,2875.0,9875.0,grrech0,rech0.dat_gr.tpl
rech0000012,rech0000012,3125.0,9875.0,grrech0,rech0.dat_gr.tpl
rech0000013,rech0000013,3375.0,9875.0,grrech0,rech0.dat_gr.tpl
rech0000014,rech0000014,3625.0,9875.0,grrech0,rech0.dat_gr.tpl
rech0000015,rech0000015,3875.0,9875.0,grrech0,rech0.dat_gr.tpl
rech0000016,rech0000016,4125.0,9875.0,grrech0,rech0.dat_gr.tpl
rech0000017,rech0000017,4375.0,9875.0,grrech0,rech0.dat_gr.tpl
rech0000018,rech0000018,4625.0,9875.0,grrech0,rech0.dat_gr.tpl
rech0000019,rech0000019,4875.0,9875.0,grrech0,rech0.dat_gr.tpl
rech0001000,rech0001000,125.0,9625.0,grrech0,rech0.dat_gr.tpl
rech0001001,rech0001001,375.0,9625.0,grrech0,rech0.dat_gr.tpl
rech0001002,rech0001002,625.0,9625.0,grrech0,rech0.dat_gr.tpl
rech0001003,rech0001003,875.0,9625.0,grrech0,rech0.dat_gr.tpl
rech0001004,rech0001004,1125.0,9625.0,grrech0,rech0.dat_gr.tpl
rech0001005,rech0001005,1375.0,9625.0,grrech0,rech0.dat_gr.tpl
rech0001006,rech0001006,1625.0,9625.0,grrech0,rech0.dat_gr.tpl
rech0001007,rech0001007,1875.0,9625.0,grrech0,rech0.dat_gr.tpl
rech0001008,rech0001008,2125.0,9625.0,grrech0,rech0.dat_gr.tpl
rech0001009,rech0001009,2375.0,9625.0,grrech0,rech0.dat_gr.tpl
rech0001010,rech0001010,2625.0,9625.0,grrech0,rech0.dat_gr.tpl
rech0001011,rech0001011,2875.0,9625.0,grrech0,rech0.dat_gr.tpl
rech0001012,rech0001012,3125.0,9625.0,grrech0,rech0.dat_gr.tpl
rech0001013,rech0001013,3375.0,9625.0,grrech0,rech0.dat_gr.tpl
rech0001014,rech0001014,3625.0,9625.0,grrech0,rech0.dat_gr.tpl
rech0001015,rech0001015,3875.0,9625.0,grrech0,rech0.dat_gr.tpl
rech0001016,rech0001016,4125.0,9625.0,grrech0,rech0.dat_gr.tpl
rech0001017,rech0001017,4375.0,9625.0,grrech0,rech0.dat_gr.tpl
rech0001018,rech0001018,4625.0,9625.0,grrech0,rech0.dat_gr.tpl
rech0001019,rech0001019,4875.0,9625.0,grrech0,rech0.dat_gr.tpl
rech0002000,rech0002000,125.0,9375.0,grrech0,rech0.dat_gr.tpl
rech0002001,rech0002001,375.0,9375.0,grrech0,rech0.dat_gr.tpl
rech0002002,rech0002002,625.0,9375.0,grrech0,rech0.dat_gr.tpl
rech0002003,rech0002003,875.0,9375.0,grrech0,rech0.dat_gr.tpl
rech0002004,rech0002004,1125.0,9375.0,grrech0,rech0.dat_gr.tpl
rech0002005,rech0002005,1375.0,9375.0,grrech0,rech0.dat_gr.tpl
rech0002006,rech0002006,1625.0,9375.0,grrech0,rech0.dat_gr.tpl
rech0002007,rech0002007,1875.0,9375.0,grrech0,rech0.dat_gr.tpl
rech0002008,rech0002008,2125.0,9375.0,grrech0,rech0.dat_gr.tpl
rech0002009,rech0002009,2375.0,9375.0,grrech0,rech0.dat_gr.tpl
rech0002010,rech0002010,2625.0,9375.0,grrech0,rech0.dat_gr.tpl
rech0002011,rech0002011,2875.0,9375.0,grrech0,rech0.dat_gr.tpl
rech0002012,rech0002012,3125.0,9375.0,grrech0,rech0.dat_gr.tpl
rech0002013,rech0002013,3375.0,9375.0,grrech0,rech0.dat_gr.tpl
rech0002014,rech0002014,3625.0,9375.0,grrech0,rech0.dat_gr.tpl
rech0002015,rech0002015,3875.0,9375.0,grrech0,rech0.dat_gr.tpl
rech0002016,rech0002016,4125.0,9375.0,grrech0,rech0.dat_gr.tpl
rech0002017,rech0002017,4375.0,9375.0,grrech0,rech0.dat_gr.tpl
rech0002018,rech0002018,4625.0,9375.0,grrech0,rech0.dat_gr.tpl
rech0002019,rech0002019,4875.0,9375.0,grrech0,rech0.dat_gr.tpl
rech0003000,rech0003000,125.0,9125.0,grrech0,rech0.dat_gr.tpl
rech0003001,rech0003001,375.0,9125.0,grrech0,rech0.dat_gr.tpl
rech0003002,rech0003002,625.0,9125.0,grrech0,rech0.dat_gr.tpl
rech0003003,rech0003003,875.0,9125.0,grrech0,rech0.dat_gr.tpl
rech0003004,rech0003004,1125.0,9125.0,grrech0,rech0.dat_gr.tpl
rech0003005,rech0003005,1375.0,9125.0,grrech0,rech0.dat_gr.tpl
rech0003006,rech0003006,1625.0,9125.0,grrech0,rech0.dat_gr.tpl
rech0003007,rech0003007,1875.0,9125.0,grrech0,rech0.dat_gr.tpl
rech0003008,rech0003008,2125.0,9125.0,grrech0,rech0.dat_gr.tpl
rech0003009,rech0003009,2375.0,9125.0,grrech0,rech0.dat_gr.tpl
rech0003010,rech0003010,2625.0,9125.0,grrech0,rech0.dat_gr.tpl
rech0003011,rech0003011,2875.0,9125.0,grrech0,rech0.dat_gr.tpl
rech0003012,rech0003012,3125.0,9125.0,grrech0,rech0.dat_gr.tpl
rech0003013,rech0003013,3375.0,9125.0,grrech0,rech0.dat_gr.tpl
rech0003014,rech0003014,3625.0,9125.0,grrech0,rech0.dat_gr.tpl
rech0003015,rech0003015,3875.0,9125.0,grrech0,rech0.dat_gr.tpl
rech0003016,rech0003016,4125.0,9125.0,grrech0,rech0.dat_gr.tpl
rech0003017,rech0003017,4375.0,9125.0,grrech0,rech0.dat_gr.tpl
rech0003018,rech0003018,4625.0,9125.0,grrech0,rech0.dat_gr.tpl
rech0003019,rech0003019,4875.0,9125.0,grrech0,rech0.dat_gr.tpl
rech0004000,rech0004000,125.0,8875.0,grrech0,rech0.dat_gr.tpl
rech0004001,rech0004001,375.0,8875.0,grrech0,rech0.dat_gr.tpl
rech0004002,rech0004002,625.0,8875.0,grrech0,rech0.dat_gr.tpl
rech0004003,rech0004003,875.0,8875.0,grrech0,rech0.dat_gr.tpl
rech0004004,rech0004004,1125.0,8875.0,grrech0,rech0.dat_gr.tpl
rech0004005,rech0004005,1375.0,8875.0,grrech0,rech0.dat_gr.tpl
rech0004006,rech0004006,1625.0,8875.0,grrech0,rech0.dat_gr.tpl
rech0004007,rech0004007,1875.0,8875.0,grrech0,rech0.dat_gr.tpl
rech0004008,rech0004008,2125.0,8875.0,grrech0,rech0.dat_gr.tpl
rech0004009,rech0004009,2375.0,8875.0,grrech0,rech0.dat_gr.tpl
rech0004010,rech0004010,2625.0,8875.0,grrech0,rech0.dat_gr.tpl
rech0004011,rech0004011,2875.0,8875.0,grrech0,rech0.dat_gr.tpl
rech0004012,rech0004012,3125.0,8875.0,grrech0,rech0.dat_gr.tpl
rech0004013,rech0004013,3375.0,8875.0,grrech0,rech0.dat_gr.tpl
rech0004014,rech0004014,3625.0,8875.0,grrech0,rech0.dat_gr.tpl
rech0004015,rech0004015,3875.0,8875.0,grrech0,rech0.dat_gr.tpl
rech0004016,rech0004016,4125.0,8875.0,grrech0,rech0.dat_gr.tpl
rech0004017,rech0004017,4375.0,8875.0,grrech0,rech0.dat_gr.tpl
rech0004018,rech0004018,4625.0,8875.0,grrech0,rech0.dat_gr.tpl
rech0004019,rech0004019,4875.0,8875.0,grrech0,rech0.dat_gr.tpl
rech0005000,rech0005000,125.0,8625.0,grrech0,rech0.dat_gr.tpl
rech0005001,rech0005001,375.0,8625.0,grrech0,rech0.dat_gr.tpl
rech0005002,rech0005002,625.0,8625.0,grrech0,rech0.dat_gr.tpl
rech0005003,rech0005003,875.0,8625.0,grrech0,rech0.dat_gr.tpl
rech0005004,rech0005004,1125.0,8625.0,grrech0,rech0.dat_gr.tpl
rech0005005,rech0005005,1375.0,8625.0,grrech0,rech0.dat_gr.tpl
rech0005006,rech0005006,1625.0,8625.0,grrech0,rech0.dat_gr.tpl
rech0005007,rech0005007,1875.0,8625.0,grrech0,rech0.dat_gr.tpl
rech0005008,rech0005008,2125.0,8625.0,grrech0,rech0.dat_gr.tpl
rech0005009,rech0005009,2375.0,8625.0,grrech0,rech0.dat_gr.tpl
rech0005010,rech0005010,2625.0,8625.0,grrech0,rech0.dat_gr.tpl
rech0005011,rech0005011,2875.0,8625.0,grrech0,rech0.dat_gr.tpl
rech0005012,rech0005012,3125.0,8625.0,grrech0,rech0.dat_gr.tpl
rech0005013,rech0005013,3375.0,8625.0,grrech0,rech0.dat_gr.tpl
rech0005014,rech0005014,3625.0,8625.0,grrech0,rech0.dat_gr.tpl
rech0005015,rech0005015,3875.0,8625.0,grrech0,rech0.dat_gr.tpl
rech0005016,rech0005016,4125.0,8625.0,grrech0,rech0.dat_gr.tpl
rech0005017,rech0005017,4375.0,8625.0,grrech0,rech0.dat_gr.tpl
rech0005018,rech0005018,4625.0,8625.0,grrech0,rech0.dat_gr.tpl
rech0005019,rech0005019,4875.0,8625.0,grrech0,rech0.dat_gr.tpl
rech0006000,rech0006000,125.0,8375.0,grrech0,rech0.dat_gr.tpl
rech0006001,rech0006001,375.0,8375.0,grrech0,rech0.dat_gr.tpl
rech0006002,rech0006002,625.0,8375.0,grrech0,rech0.dat_gr.tpl
rech0006003,rech0006003,875.0,8375.0,grrech0,rech0.dat_gr.tpl
rech0006004,rech0006004,1125.0,8375.0,grrech0,rech0.dat_gr.tpl
rech0006005,rech0006005,1375.0,8375.0,grrech0,rech0.dat_gr.tpl
rech0006006,rech0006006,1625.0,8375.0,grrech0,rech0.dat_gr.tpl
rech0006007,rech0006007,1875.0,8375.0,grrech0,rech0.dat_gr.tpl
rech0006008,rech0006008,2125.0,8375.0,grrech0,rech0.dat_gr.tpl
rech0006009,rech0006009,2375.0,8375.0,grrech0,rech0.dat_gr.tpl
rech0006010,rech0006010,2625.0,8375.0,grrech0,rech0.dat_gr.tpl
rech0006011,rech0006011,2875.0,8375.0,grrech0,rech0.dat_gr.tpl
rech0006012,rech0006012,3125.0,8375.0,grrech0,rech0.dat_gr.tpl
rech0006013,rech0006013,3375.0,8375.0,grrech0,rech0.dat_gr.tpl
rech0006014,rech0006014,3625.0,8375.0,grrech0,rech0.dat_gr.tpl
rech0006015,rech0006015,3875.0,8375.0,grrech0,rech0.dat_gr.tpl
rech0006016,rech0006016,4125.0,8375.0,grrech0,rech0.dat_gr.tpl
rech0006017,rech0006017,4375.0,8375.0,grrech0,rech0.dat_gr.tpl
rech0006018,rech0006018,4625.0,8375.0,grrech0,rech0.dat_gr.tpl
rech0006019,rech0006019,4875.0,8375.0,grrech0,rech0.dat_gr.tpl
rech0007000,rech0007000,125.0,8125.0,grrech0,rech0.dat_gr.tpl
rech0007001,rech0007001,375.0,8125.0,grrech0,rech0.dat_gr.tpl
rech0007002,rech0007002,625.0,8125.0,grrech0,rech0.dat_gr.tpl
rech0007003,rech0007003,875.0,8125.0,grrech0,rech0.dat_gr.tpl
rech0007004,rech0007004,1125.0,8125.0,grrech0,rech0.dat_gr.tpl
rech0007005,rech0007005,1375.0,8125.0,grrech0,rech0.dat_gr.tpl
rech0007006,rech0007006,1625.0,8125.0,grrech0,rech0.dat_gr.tpl
rech0007007,rech0007007,1875.0,8125.0,grrech0,rech0.dat_gr.tpl
rech0007008,rech0007008,2125.0,8125.0,grrech0,rech0.dat_gr.tpl
rech0007009,rech0007009,2375.0,8125.0,grrech0,rech0.dat_gr.tpl
rech0007010,rech0007010,2625.0,8125.0,grrech0,rech0.dat_gr.tpl
rech0007011,rech0007011,2875.0,8125.0,grrech0,rech0.dat_gr.tpl
rech0007012,rech0007012,3125.0,8125.0,grrech0,rech0.dat_gr.tpl
rech0007013,rech0007013,3375.0,8125.0,grrech0,rech0.dat_gr.tpl
rech0007014,rech0007014,3625.0,8125.0,grrech0,rech0.dat_gr.tpl
rech0007015,rech0007015,3875.0,8125.0,grrech0,rech0.dat_gr.tpl
rech0007016,rech0007016,4125.0,8125.0,grrech0,rech0.dat_gr.tpl
rech0007017,rech0007017,4375.0,8125.0,grrech0,rech0.dat_gr.tpl
rech0007018,rech0007018,4625.0,8125.0,grrech0,rech0.dat_gr.tpl
rech0007019,rech0007019,4875.0,8125.0,grrech0,rech0.dat_gr.tpl
rech0008000,rech0008000,125.0,7875.0,grrech0,rech0.dat_gr.tpl
rech0008001,rech0008001,375.0,7875.0,grrech0,rech0.dat_gr.tpl
rech0008002,rech0008002,625.0,7875.0,grrech0,rech0.dat_gr.tpl
rech0008003,rech0008003,875.0,7875.0,grrech0,rech0.dat_gr.tpl
rech0008007,rech0008007,1875.0,7875.0,grrech0,rech0.dat_gr.tpl
rech0008008,rech0008008,2125.0,7875.0,grrech0,rech0.dat_gr.tpl
rech0008009,rech0008009,2375.0,7875.0,grrech0,rech0.dat_gr.tpl
rech0008010,rech0008010,2625.0,7875.0,grrech0,rech0.dat_gr.tpl
rech0008011,rech0008011,2875.0,7875.0,grrech0,rech0.dat_gr.tpl
rech0008012,rech0008012,3125.0,7875.0,grrech0,rech0.dat_gr.tpl
rech0008013,rech0008013,3375.0,7875.0,grrech0,rech0.dat_gr.tpl
rech0008014,rech0008014,3625.0,7875.0,grrech0,rech0.dat_gr.tpl
rech0008015,rech0008015,3875.0,7875.0,grrech0,rech0.dat_gr.tpl
rech0008016,rech0008016,4125.0,7875.0,grrech0,rech0.dat_gr.tpl
rech0008017,rech0008017,4375.0,7875.0,grrech0,rech0.dat_gr.tpl
rech0008018,rech0008018,4625.0,7875.0,grrech0,rech0.dat_gr.tpl
rech0008019,rech0008019,4875.0,7875.0,grrech0,rech0.dat_gr.tpl
rech0009000,rech0009000,125.0,7625.0,grrech0,rech0.dat_gr.tpl
rech0009001,rech0009001,375.0,7625.0,grrech0,rech0.dat_gr.tpl
rech0009002,rech0009002,625.0,7625.0,grrech0,rech0.dat_gr.tpl
rech0009003,rech0009003,875.0,7625.0,grrech0,rech0.dat_gr.tpl
rech0009008,rech0009008,2125.0,7625.0,grrech0,rech0.dat_gr.tpl
rech0009009,rech0009009,2375.0,7625.0,grrech0,rech0.dat_gr.tpl
rech0009010,rech0009010,2625.0,7625.0,grrech0,rech0.dat_gr.tpl
rech0009011,rech0009011,2875.0,7625.0,grrech0,rech0.dat_gr.tpl
rech0009012,rech0009012,3125.0,7625.0,grrech0,rech0.dat_gr.tpl
rech0009013,rech0009013,3375.0,7625.0,grrech0,rech0.dat_gr.tpl
rech0009014,rech0009014,3625.0,7625.0,grrech0,rech0.dat_gr.tpl
rech0009015,rech0009015,3875.0,7625.0,grrech0,rech0.dat_gr.tpl
rech0009016,rech0009016,4125.0,7625.0,grrech0,rech0.dat_gr.tpl
rech0009017,rech0009017,4375.0,7625.0,grrech0,rech0.dat_gr.tpl
rech0009018,rech0009018,4625.0,7625.0,grrech0,rech0.dat_gr.tpl
rech0009019,rech0009019,4875.0,7625.0,grrech0,rech0.dat_gr.tpl
rech0010000,rech0010000,125.0,7375.0,grrech0,rech0.dat_gr.tpl
rech0010001,rech0010001,375.0,7375.0,grrech0,rech0.dat_gr.tpl
rech0010002,rech0010002,625.0,7375.0,grrech0,rech0.dat_gr.tpl
rech0010003,rech0010003,875.0,7375.0,grrech0,rech0.dat_gr.tpl
rech0010008,rech0010008,2125.0,7375.0,grrech0,rech0.dat_gr.tpl
rech0010009,rech0010009,2375.0,7375.0,grrech0,rech0.dat_gr.tpl
rech0010010,rech0010010,2625.0,7375.0,grrech0,rech0.dat_gr.tpl
rech0010011,rech0010011,2875.0,7375.0,grrech0,rech0.dat_gr.tpl
rech0010012,rech0010012,3125.0,7375.0,grrech0,rech0.dat_gr.tpl
rech0010013,rech0010013,3375.0,7375.0,grrech0,rech0.dat_gr.tpl
rech0010014,rech0010014,3625.0,7375.0,grrech0,rech0.dat_gr.tpl
rech0010015,rech0010015,3875.0,7375.0,grrech0,rech0.dat_gr.tpl
rech0010016,rech0010016,4125.0,7375.0,grrech0,rech0.dat_gr.tpl
rech0010017,rech0010017,4375.0,7375.0,grrech0,rech0.dat_gr.tpl
rech0010018,rech0010018,4625.0,7375.0,grrech0,rech0.dat_gr.tpl
rech0010019,rech0010019,4875.0,7375.0,grrech0,rech0.dat_gr.tpl
rech0011000,rech0011000,125.0,7125.0,grrech0,rech0.dat_gr.tpl
rech0011001,rech0011001,375.0,7125.0,grrech0,rech0.dat_gr.tpl
rech0011002,rech0011002,625.0,7125.0,grrech0,rech0.dat_gr.tpl
rech0011003,rech0011003,875.0,7125.0,grrech0,rech0.dat_gr.tpl
rech0011008,rech0011008,2125.0,7125.0,grrech0,rech0.dat_gr.tpl
rech0011009,rech0011009,2375.0,7125.0,grrech0,rech0.dat_gr.tpl
rech0011010,rech0011010,2625.0,7125.0,grrech0,rech0.dat_gr.tpl
rech0011011,rech0011011,2875.0,7125.0,grrech0,rech0.dat_gr.tpl
rech0011012,rech0011012,3125.0,7125.0,grrech0,rech0.dat_gr.tpl
rech0011013,rech0011013,3375.0,7125.0,grrech0,rech0.dat_gr.tpl
rech0011014,rech0011014,3625.0,7125.0,grrech0,rech0.dat_gr.tpl
rech0011015,rech0011015,3875.0,7125.0,grrech0,rech0.dat_gr.tpl
rech0011016,rech0011016,4125.0,7125.0,grrech0,rech0.dat_gr.tpl
rech0011017,rech0011017,4375.0,7125.0,grrech0,rech0.dat_gr.tpl
rech0011018,rech0011018,4625.0,7125.0,grrech0,rech0.dat_gr.tpl
rech0011019,rech0011019,4875.0,7125.0,grrech0,rech0.dat_gr.tpl
rech0012000,rech0012000,125.0,6875.0,grrech0,rech0.dat_gr.tpl
rech0012001,rech0012001,375.0,6875.0,grrech0,rech0.dat_gr.tpl
rech0012002,rech0012002,625.0,6875.0,grrech0,rech0.dat_gr.tpl
rech0012003,rech0012003,875.0,6875.0,grrech0,rech0.dat_gr.tpl
rech0012008,rech0012008,2125.0,6875.0,grrech0,rech0.dat_gr.tpl
rech0012009,rech0012009,2375.0,6875.0,grrech0,rech0.dat_gr.tpl
rech0012010,rech0012010,2625.0,6875.0,grrech0,rech0.dat_gr.tpl
rech0012011,rech0012011,2875.0,6875.0,grrech0,rech0.dat_gr.tpl
rech0012012,rech0012012,3125.0,6875.0,grrech0,rech0.dat_gr.tpl
rech0012013,rech0012013,3375.0,6875.0,grrech0,rech0.dat_gr.tpl
rech0012014,rech0012014,3625.0,6875.0,grrech0,rech0.dat_gr.tpl
rech0012015,rech0012015,3875.0,6875.0,grrech0,rech0.dat_gr.tpl
rech0012016,rech0012016,4125.0,6875.0,grrech0,rech0.dat_gr.tpl
rech0012017,rech0012017,4375.0,6875.0,grrech0,rech0.dat_gr.tpl
rech0012018,rech0012018,4625.0,6875.0,grrech0,rech0.dat_gr.tpl
rech0012019,rech0012019,4875.0,6875.0,grrech0,rech0.dat_gr.tpl
rech0013000,rech0013000,125.0,6625.0,grrech0,rech0.dat_gr.tpl
rech0013001,rech0013001,375.0,6625.0,grrech0,rech0.dat_gr.tpl
rech0013002,rech0013002,625.0,6625.0,grrech0,rech0.dat_gr.tpl
rech0013003,rech0013003,875.0,6625.0,grrech0,rech0.dat_gr.tpl
rech0013008,rech0013008,2125.0,6625.0,grrech0,rech0.dat_gr.tpl
rech0013009,rech0013009,2375.0,6625.0,grrech0,rech0.dat_gr.tpl
rech0013010,rech0013010,2625.0,6625.0,grrech0,rech0.dat_gr.tpl
rech0013011,rech0013011,2875.0,6625.0,grrech0,rech0.dat_gr.tpl
rech0013012,rech0013012,3125.0,6625.0,grrech0,rech0.dat_gr.tpl
rech0013013,rech0013013,3375.0,6625.0,grrech0,rech0.dat_gr.tpl
rech0013014,rech0013014,3625.0,6625.0,grrech0,rech0.dat_gr.tpl
rech0013015,rech0013015,3875.0,6625.0,grrech0,rech0.dat_gr.tpl
rech0013016,rech0013016,4125.0,6625.0,grrech0,rech0.dat_gr.tpl
rech0013017,rech0013017,4375.0,6625.0,grrech0,rech0.dat_gr.tpl
rech0013018,rech0013018,4625.0,6625.0,grrech0,rech0.dat_gr.tpl
rech0013019,rech0013019,4875.0,6625.0,grrech0,rech0.dat_gr.tpl
rech0014000,rech0014000,125.0,6375.0,grrech0,rech0.dat_gr.tpl
rech0014001,rech0014001,375.0,6375.0,grrech0,rech0.dat_gr.tpl
rech0014002,rech0014002,625.0,6375.0,grrech0,rech0.dat_gr.tpl
rech0014003,rech0014003,875.0,6375.0,grrech0,rech0.dat_gr.tpl
rech0014008,rech0014008,2125.0,6375.0,grrech0,rech0.dat_gr.tpl
rech0014009,rech0014009,2375.0,6375.0,grrech0,rech0.dat_gr.tpl
rech0014010,rech0014010,2625.0,6375.0,grrech0,rech0.dat_gr.tpl
rech0014011,rech0014011,2875.0,6375.0,grrech0,rech0.dat_gr.tpl
rech0014012,rech0014012,3125.0,6375.0,grrech0,rech0.dat_gr.tpl
rech0014013,rech0014013,3375.0,6375.0,grrech0,rech0.dat_gr.tpl
rech0014014,rech0014014,3625.0,6375.0,grrech0,rech0.dat_gr.tpl
rech0014015,rech0014015,3875.0,6375.0,grrech0,rech0.dat_gr.tpl
rech0014016,rech0014016,4125.0,6375.0,grrech0,rech0.dat_gr.tpl
rech0014017,rech0014017,4375.0,6375.0,grrech0,rech0.dat_gr.tpl
rech0014018,rech0014018,4625.0,6375.0,grrech0,rech0.dat_gr.tpl
rech0014019,rech0014019,4875.0,6375.0,grrech0,rech0.dat_gr.tpl
rech0015000,rech0015000,125.0,6125.0,grrech0,rech0.dat_gr.tpl
rech0015001,rech0015001,375.0,6125.0,grrech0,rech0.dat_gr.tpl
rech0015002,rech0015002,625.0,6125.0,grrech0,rech0.dat_gr.tpl
rech0015003,rech0015003,875.0,6125.0,grrech0,rech0.dat_gr.tpl
rech0015008,rech0015008,2125.0,6125.0,grrech0,rech0.dat_gr.tpl
rech0015009,rech0015009,2375.0,6125.0,grrech0,rech0.dat_gr.tpl
rech0015010,rech0015010,2625.0,6125.0,grrech0,rech0.dat_gr.tpl
rech0015011,rech0015011,2875.0,6125.0,grrech0,rech0.dat_gr.tpl
rech0015012,rech0015012,3125.0,6125.0,grrech0,rech0.dat_gr.tpl
rech0015013,rech0015013,3375.0,6125.0,grrech0,rech0.dat_gr.tpl
rech0015014,rech0015014,3625.0,6125.0,grrech0,rech0.dat_gr.tpl
rech0015015,rech0015015,3875.0,6125.0,grrech0,rech0.dat_gr.tpl
rech0015016,rech0015016,4125.0,6125.0,grrech0,rech0.dat_gr.tpl
rech0015017,rech0015017,4375.0,6125.0,grrech0,rech0.dat_gr.tpl
rech0015018,rech0015018,4625.0,6125.0,grrech0,rech0.dat_gr.tpl
rech0015019,rech0015019,4875.0,6125.0,grrech0,rech0.dat_gr.tpl
rech0016000,rech0016000,125.0,5875.0,grrech0,rech0.dat_gr.tpl
rech0016001,rech0016001,375.0,5875.0,grrech0,rech0.dat_gr.tpl
rech0016002,rech0016002,625.0,5875.0,grrech0,rech0.dat_gr.tpl
rech0016003,rech0016003,875.0,5875.0,grrech0,rech0.dat_gr.tpl
rech0016008,rech0016008,2125.0,5875.0,grrech0,rech0.dat_gr.tpl
rech0016009,rech0016009,2375.0,5875.0,grrech0,rech0.dat_gr.tpl
rech0016010,rech0016010,2625.0,5875.0,grrech0,rech0.dat_gr.tpl
rech0016011,rech0016011,2875.0,5875.0,grrech0,rech0.dat_gr.tpl
rech0016012,rech0016012,3125.0,5875.0,grrech0,rech0.dat_gr.tpl
rech0016013,rech0016013,3375.0,5875.0,grrech0,rech0.dat_gr.tpl
rech0016014,rech0016014,3625.0,5875.0,grrech0,rech0.dat_gr.tpl
rech0016015,rech0016015,3875.0,5875.0,grrech0,rech0.dat_gr.tpl
rech0016016,rech0016016,4125.0,5875.0,grrech0,rech0.dat_gr.tpl
rech0016017,rech0016017,4375.0,5875.0,grrech0,rech0.dat_gr.tpl
rech0016018,rech0016018,4625.0,5875.0,grrech0,rech0.dat_gr.tpl
rech0016019,rech0016019,4875.0,5875.0,grrech0,rech0.dat_gr.tpl
rech0017000,rech0017000,125.0,5625.0,grrech0,rech0.dat_gr.tpl
rech0017001,rech0017001,375.0,5625.0,grrech0,rech0.dat_gr.tpl
rech0017002,rech0017002,625.0,5625.0,grrech0,rech0.dat_gr.tpl
rech0017003,rech0017003,875.0,5625.0,grrech0,rech0.dat_gr.tpl
rech0017008,rech0017008,2125.0,5625.0,grrech0,rech0.dat_gr.tpl
rech0017009,rech0017009,2375.0,5625.0,grrech0,rech0.dat_gr.tpl
rech0017010,rech0017010,2625.0,5625.0,grrech0,rech0.dat_gr.tpl
rech0017011,rech0017011,2875.0,5625.0,grrech0,rech0.dat_gr.tpl
rech0017012,rech0017012,3125.0,5625.0,grrech0,rech0.dat_gr.tpl
rech0017013,rech0017013,3375.0,5625.0,grrech0,rech0.dat_gr.tpl
rech0017014,rech0017014,3625.0,5625.0,grrech0,rech0.dat_gr.tpl
rech0017015,rech0017015,3875.0,5625.0,grrech0,rech0.dat_gr.tpl
rech0017016,rech0017016,4125.0,5625.0,grrech0,rech0.dat_gr.tpl
rech0017017,rech0017017,4375.0,5625.0,grrech0,rech0.dat_gr.tpl
rech0017018,rech0017018,4625.0,5625.0,grrech0,rech0.dat_gr.tpl
rech0017019,rech0017019,4875.0,5625.0,grrech0,rech0.dat_gr.tpl
rech0018000,rech0018000,125.0,5375.0,grrech0,rech0.dat_gr.tpl
rech0018001,rech0018001,375.0,5375.0,grrech0,rech0.dat_gr.tpl
rech0018002,rech0018002,625.0,5375.0,grrech0,rech0.dat_gr.tpl
rech0018003,rech0018003,875.0,5375.0,grrech0,rech0.dat_gr.tpl
rech0018008,rech0018008,2125.0,5375.0,grrech0,rech0.dat_gr.tpl
rech0018009,rech0018009,2375.0,5375.0,grrech0,rech0.dat_gr.tpl
rech0018010,rech0018010,2625.0,5375.0,grrech0,rech0.dat_gr.tpl
rech0018011,rech0018011,2875.0,5375.0,grrech0,rech0.dat_gr.tpl
rech0018012,rech0018012,3125.0,5375.0,grrech0,rech0.dat_gr.tpl
rech0018013,rech0018013,3375.0,5375.0,grrech0,rech0.dat_gr.tpl
rech0018014,rech0018014,3625.0,5375.0,grrech0,rech0.dat_gr.tpl
rech0018015,rech0018015,3875.0,5375.0,grrech0,rech0.dat_gr.tpl
rech0018016,rech0018016,4125.0,5375.0,grrech0,rech0.dat_gr.tpl
rech0018017,rech0018017,4375.0,5375.0,grrech0,rech0.dat_gr.tpl
rech0018018,rech0018018,4625.0,5375.0,grrech0,rech0.dat_gr.tpl
rech0018019,rech0018019,4875.0,5375.0,grrech0,rech0.dat_gr.tpl
rech0019000,rech0019000,125.0,5125.0,grrech0,rech0.dat_gr.tpl
rech0019001,rech0019001,375.0,5125.0,grrech0,rech0.dat_gr.tpl
rech0019002,rech0019002,625.0,5125.0,grrech0,rech0.dat_gr.tpl
rech0019003,rech0019003,875.0,5125.0,grrech0,rech0.dat_gr.tpl
rech0019008,rech0019008,2125.0,5125.0,grrech0,rech0.dat_gr.tpl
rech0019009,rech0019009,2375.0,5125.0,grrech0,rech0.dat_gr.tpl
rech0019010,rech0019010,2625.0,5125.0,grrech0,rech0.dat_gr.tpl
rech0019011,rech0019011,2875.0,5125.0,grrech0,rech0.dat_gr.tpl
rech0019012,rech0019012,3125.0,5125.0,grrech0,rech0.dat_gr.tpl
rech0019013,rech0019013,3375.0,5125.0,grrech0,rech0.dat_gr.tpl
rech0019014,rech0019014,3625.0,5125.0,grrech0,rech0.dat_gr.tpl
rech0019015,rech0019015,3875.0,5125.0,grrech0,rech0.dat_gr.tpl
rech0019016,rech0019016,4125.0,5125.0,grrech0,rech0.dat_gr.tpl
rech0019017,rech0019017,4375.0,5125.0,grrech0,rech0.dat_gr.tpl
rech0019018,rech0019018,4625.0,5125.0,grrech0,rech0.dat_gr.tpl
rech0019019,rech0019019,4875.0,5125.0,grrech0,rech0.dat_gr.tpl
rech0020000,rech0020000,125.0,4875.0,grrech0,rech0.dat_gr.tpl
rech0020001,rech0020001,375.0,4875.0,grrech0,rech0.dat_gr.tpl
rech0020002,rech0020002,625.0,4875.0,grrech0,rech0.dat_gr.tpl
rech0020003,rech0020003,875.0,4875.0,grrech0,rech0.dat_gr.tpl
rech0020008,rech0020008,2125.0,4875.0,grrech0,rech0.dat_gr.tpl
rech0020009,rech0020009,2375.0,4875.0,grrech0,rech0.dat_gr.tpl
rech0020010,rech0020010,2625.0,4875.0,grrech0,rech0.dat_gr.tpl
rech0020011,rech0020011,2875.0,4875.0,grrech0,rech0.dat_gr.tpl
rech0020012,rech0020012,3125.0,4875.0,grrech0,rech0.dat_gr.tpl
rech0020013,rech0020013,3375.0,4875.0,grrech0,rech0.dat_gr.tpl
rech0020014,rech0020014,3625.0,4875.0,grrech0,rech0.dat_gr.tpl
rech0020015,rech0020015,3875.0,4875.0,grrech0,rech0.dat_gr.tpl
rech0020016,rech0020016,4125.0,4875.0,grrech0,rech0.dat_gr.tpl
rech0020017,rech0020017,4375.0,4875.0,grrech0,rech0.dat_gr.tpl
rech0020018,rech0020018,4625.0,4875.0,grrech0,rech0.dat_gr.tpl
rech0020019,rech0020019,4875.0,4875.0,grrech0,rech0.dat_gr.tpl
rech0021000,rech0021000,125.0,4625.0,grrech0,rech0.dat_gr.tpl
rech0021001,rech0021001,375.0,4625.0,grrech0,rech0.dat_gr.tpl
rech0021002,rech0021002,625.0,4625.0,grrech0,rech0.dat_gr.tpl
rech0021003,rech0021003,875.0,4625.0,grrech0,rech0.dat_gr.tpl
rech0021006,rech0021006,1625.0,4625.0,grrech0,rech0.dat_gr.tpl
rech0021007,rech0021007,1875.0,4625.0,grrech0,rech0.dat_gr.tpl
rech0021008,rech0021008,2125.0,4625.0,grrech0,rech0.dat_gr.tpl
rech0021009,rech0021009,2375.0,4625.0,grrech0,rech0.dat_gr.tpl
rech0021010,rech0021010,2625.0,4625.0,grrech0,rech0.dat_gr.tpl
rech0021011,rech0021011,2875.0,4625.0,grrech0,rech0.dat_gr.tpl
rech0021012,rech0021012,3125.0,4625.0,grrech0,rech0.dat_gr.tpl
rech0021013,rech0021013,3375.0,4625.0,grrech0,rech0.dat_gr.tpl
rech0021014,rech0021014,3625.0,4625.0,grrech0,rech0.dat_gr.tpl
rech0021015,rech0021015,3875.0,4625.0,grrech0,rech0.dat_gr.tpl
rech0021016,rech0021016,4125.0,4625.0,grrech0,rech0.dat_gr.tpl
rech0021017,rech0021017,4375.0,4625.0,grrech0,rech0.dat_gr.tpl
rech0021018,rech0021018,4625.0,4625.0,grrech0,rech0.dat_gr.tpl
rech0021019,rech0021019,4875.0,4625.0,grrech0,rech0.dat_gr.tpl
rech0022000,rech0022000,125.0,4375.0,grrech0,rech0.dat_gr.tpl
rech0022001,rech0022001,375.0,4375.0,grrech0,rech0.dat_gr.tpl
rech0022002,rech0022002,625.0,4375.0,grrech0,rech0.dat_gr.tpl
rech0022003,rech0022003,875.0,4375.0,grrech0,rech0.dat_gr.tpl
rech0022004,rech0022004,1125.0,4375.0,grrech0,rech0.dat_gr.tpl
rech0022006,rech0022006,1625.0,4375.0,grrech0,rech0.dat_gr.tpl
rech0022007,rech0022007,1875.0,4375.0,grrech0,rech0.dat_gr.tpl
rech0022008,rech0022008,2125.0,4375.0,grrech0,rech0.dat_gr.tpl
rech0022009,rech0022009,2375.0,4375.0,grrech0,rech0.dat_gr.tpl
rech0022010,rech0022010,2625.0,4375.0,grrech0,rech0.dat_gr.tpl
rech0022011,rech0022011,2875.0,4375.0,grrech0,rech0.dat_gr.tpl
rech0022012,rech0022012,3125.0,4375.0,grrech0,rech0.dat_gr.tpl
rech0022013,rech0022013,3375.0,4375.0,grrech0,rech0.dat_gr.tpl
rech0022014,rech0022014,3625.0,4375.0,grrech0,rech0.dat_gr.tpl
rech0022015,rech0022015,3875.0,4375.0,grrech0,rech0.dat_gr.tpl
rech0022016,rech0022016,4125.0,4375.0,grrech0,rech0.dat_gr.tpl
rech0022017,rech0022017,4375.0,4375.0,grrech0,rech0.dat_gr.tpl
rech0022018,rech0022018,4625.0,4375.0,grrech0,rech0.dat_gr.tpl
rech0022019,rech0022019,4875.0,4375.0,grrech0,rech0.dat_gr.tpl
rech0023000,rech0023000,125.0,4125.0,grrech0,rech0.dat_gr.tpl
rech0023001,rech0023001,375.0,4125.0,grrech0,rech0.dat_gr.tpl
rech0023002,rech0023002,625.0,4125.0,grrech0,rech0.dat_gr.tpl
rech0023003,rech0023003,875.0,4125.0,grrech0,rech0.dat_gr.tpl
rech0023004,rech0023004,1125.0,4125.0,grrech0,rech0.dat_gr.tpl
rech0023005,rech0023005,1375.0,4125.0,grrech0,rech0.dat_gr.tpl
rech0023006,rech0023006,1625.0,4125.0,grrech0,rech0.dat_gr.tpl
rech0023007,rech0023007,1875.0,4125.0,grrech0,rech0.dat_gr.tpl
rech0023008,rech0023008,2125.0,4125.0,grrech0,rech0.dat_gr.tpl
rech0023009,rech0023009,2375.0,4125.0,grrech0,rech0.dat_gr.tpl
rech0023010,rech0023010,2625.0,4125.0,grrech0,rech0.dat_gr.tpl
rech0023011,rech0023011,2875.0,4125.0,grrech0,rech0.dat_gr.tpl
rech0023012,rech0023012,3125.0,4125.0,grrech0,rech0.dat_gr.tpl
rech0023013,rech0023013,3375.0,4125.0,grrech0,rech0.dat_gr.tpl
rech0023014,rech0023014,3625.0,4125.0,grrech0,rech0.dat_gr.tpl
rech0023015,rech0023015,3875.0,4125.0,grrech0,rech0.dat_gr.tpl
rech0023016,rech0023016,4125.0,4125.0,grrech0,rech0.dat_gr.tpl
rech0023017,rech0023017,4375.0,4125.0,grrech0,rech0.dat_gr.tpl
rech0023018,rech0023018,4625.0,4125.0,grrech0,rech0.dat_gr.tpl
rech0023019,rech0023019,4875.0,4125.0,grrech0,rech0.dat_gr.tpl
rech0024000,rech0024000,125.0,3875.0,grrech0,rech0.dat_gr.tpl
rech0024001,rech0024001,375.0,3875.0,grrech0,rech0.dat_gr.tpl
rech0024002,rech0024002,625.0,3875.0,grrech0,rech0.dat_gr.tpl
rech0024003,rech0024003,875.0,3875.0,grrech0,rech0.dat_gr.tpl
rech0024004,rech0024004,1125.0,3875.0,grrech0,rech0.dat_gr.tpl
rech0024005,rech0024005,1375.0,3875.0,grrech0,rech0.dat_gr.tpl
rech0024006,rech0024006,1625.0,3875.0,grrech0,rech0.dat_gr.tpl
rech0024007,rech0024007,1875.0,3875.0,grrech0,rech0.dat_gr.tpl
rech0024008,rech0024008,2125.0,3875.0,grrech0,rech0.dat_gr.tpl
rech0024009,rech0024009,2375.0,3875.0,grrech0,rech0.dat_gr.tpl
rech0024010,rech0024010,2625.0,3875.0,grrech0,rech0.dat_gr.tpl
rech0024011,rech0024011,2875.0,3875.0,grrech0,rech0.dat_gr.tpl
rech0024012,rech0024012,3125.0,3875.0,grrech0,rech0.dat_gr.tpl
rech0024013,rech0024013,3375.0,3875.0,grrech0,rech0.dat_gr.tpl
rech0024014,rech0024014,3625.0,3875.0,grrech0,rech0.dat_gr.tpl
rech0024015,rech0024015,3875.0,3875.0,grrech0,rech0.dat_gr.tpl
rech0024016,rech0024016,4125.0,3875.0,grrech0,rech0.dat_gr.tpl
rech0024017,rech0024017,4375.0,3875.0,grrech0,rech0.dat_gr.tpl
rech0024018,rech0024018,4625.0,3875.0,grrech0,rech0.dat_gr.tpl
rech0024019,rech0024019,4875.0,3875.0,grrech0,rech0.dat_gr.tpl
rech0025000,rech0025000,125.0,3625.0,grrech0,rech0.dat_gr.tpl
rech0025001,rech0025001,375.0,3625.0,grrech0,rech0.dat_gr.tpl
rech0025002,rech0025002,625.0,3625.0,grrech0,rech0.dat_gr.tpl
rech0025003,rech0025003,875.0,3625.0,grrech0,rech0.dat_gr.tpl
rech0025004,rech0025004,1125.0,3625.0,grrech0,rech0.dat_gr.tpl
rech0025005,rech0025005,1375.0,3625.0,grrech0,rech0.dat_gr.tpl
rech0025006,rech0025006,1625.0,3625.0,grrech0,rech0.dat_gr.tpl
rech0025007,rech0025007,1875.0,3625.0,grrech0,rech0.dat_gr.tpl
rech0025008,rech0025008,2125.0,3625.0,grrech0,rech0.dat_gr.tpl
rech0025009,rech0025009,2375.0,3625.0,grrech0,rech0.dat_gr.tpl
rech0025010,rech0025010,2625.0,3625.0,grrech0,rech0.dat_gr.tpl
rech0025011,rech0025011,2875.0,3625.0,grrech0,rech0.dat_gr.tpl
rech0025012,rech0025012,3125.0,3625.0,grrech0,rech0.dat_gr.tpl
rech0025013,rech0025013,3375.0,3625.0,grrech0,rech0.dat_gr.tpl
rech0025014,rech0025014,3625.0,3625.0,grrech0,rech0.dat_gr.tpl
rech0025015,rech0025015,3875.0,3625.0,grrech0,rech0.dat_gr.tpl
rech0025016,rech0025016,4125.0,3625.0,grrech0,rech0.dat_gr.tpl
rech0025017,rech0025017,4375.0,3625.0,grrech0,rech0.dat_gr.tpl
rech0025018,rech0025018,4625.0,3625.0,grrech0,rech0.dat_gr.tpl
rech0025019,rech0025019,4875.0,3625.0,grrech0,rech0.dat_gr.tpl
rech0026000,rech0026000,125.0,3375.0,grrech0,rech0.dat_gr.tpl
rech0026001,rech0026001,375.0,3375.0,grrech0,rech0.dat_gr.tpl
rech0026002,rech0026002,625.0,3375.0,grrech0,rech0.dat_gr.tpl
rech0026003,rech0026003,875.0,3375.0,grrech0,rech0.dat_gr.tpl
rech0026004,rech0026004,1125.0,3375.0,grrech0,rech0.dat_gr.tpl
rech0026005,rech0026005,1375.0,3375.0,grrech0,rech0.dat_gr.tpl
rech0026006,rech0026006,1625.0,3375.0,grrech0,rech0.dat_gr.tpl
rech0026007,rech0026007,1875.0,3375.0,grrech0,rech0.dat_gr.tpl
rech0026008,rech0026008,2125.0,3375.0,grrech0,rech0.dat_gr.tpl
rech0026009,rech0026009,2375.0,3375.0,grrech0,rech0.dat_gr.tpl
rech0026010,rech0026010,2625.0,3375.0,grrech0,rech0.dat_gr.tpl
rech0026011,rech0026011,2875.0,3375.0,grrech0,rech0.dat_gr.tpl
rech0026012,rech0026012,3125.0,3375.0,grrech0,rech0.dat_gr.tpl
rech0026013,rech0026013,3375.0,3375.0,grrech0,rech0.dat_gr.tpl
rech0026014,rech0026014,3625.0,3375.0,grrech0,rech0.dat_gr.tpl
rech0026015,rech0026015,3875.0,3375.0,grrech0,rech0.dat_gr.tpl
rech0026016,rech0026016,4125.0,3375.0,grrech0,rech0.dat_gr.tpl
rech0026017,rech0026017,4375.0,3375.0,grrech0,rech0.dat_gr.tpl
rech0026018,rech0026018,4625.0,3375.0,grrech0,rech0.dat_gr.tpl
rech0026019,rech0026019,4875.0,3375.0,grrech0,rech0.dat_gr.tpl
rech0027000,rech0027000,125.0,3125.0,grrech0,rech0.dat_gr.tpl
rech0027001,rech0027001,375.0,3125.0,grrech0,rech0.dat_gr.tpl
rech0027002,rech0027002,625.0,3125.0,grrech0,rech0.dat_gr.tpl
rech0027003,rech0027003,875.0,3125.0,grrech0,rech0.dat_gr.tpl
rech0027004,rech0027004,1125.0,3125.0,grrech0,rech0.dat_gr.tpl
rech0027005,rech0027005,1375.0,3125.0,grrech0,rech0.dat_gr.tpl
rech0027006,rech0027006,1625.0,3125.0,grrech0,rech0.dat_gr.tpl
rech0027007,rech0027007,1875.0,3125.0,grrech0,rech0.dat_gr.tpl
rech0027008,rech0027008,2125.0,3125.0,grrech0,rech0.dat_gr.tpl
rech0027009,rech0027009,2375.0,3125.0,grrech0,rech0.dat_gr.tpl
rech0027010,rech0027010,2625.0,3125.0,grrech0,rech0.dat_gr.tpl
rech0027011,rech0027011,2875.0,3125.0,grrech0,rech0.dat_gr.tpl
rech0027012,rech0027012,3125.0,3125.0,grrech0,rech0.dat_gr.tpl
rech0027013,rech0027013,3375.0,3125.0,grrech0,rech0.dat_gr.tpl
rech0027014,rech0027014,3625.0,3125.0,grrech0,rech0.dat_gr.tpl
rech0027015,rech0027015,3875.0,3125.0,grrech0,rech0.dat_gr.tpl
rech0027016,rech0027016,4125.0,3125.0,grrech0,rech0.dat_gr.tpl
rech0027017,rech0027017,4375.0,3125.0,grrech0,rech0.dat_gr.tpl
rech0027018,rech0027018,4625.0,3125.0,grrech0,rech0.dat_gr.tpl
rech0027019,rech0027019,4875.0,3125.0,grrech0,rech0.dat_gr.tpl
rech0028000,rech0028000,125.0,2875.0,grrech0,rech0.dat_gr.tpl
rech0028001,rech0028001,375.0,2875.0,grrech0,rech0.dat_gr.tpl
rech0028002,rech0028002,625.0,2875.0,grrech0,rech0.dat_gr.tpl
rech0028003,rech0028003,875.0,2875.0,grrech0,rech0.dat_gr.tpl
rech0028004,rech0028004,1125.0,2875.0,grrech0,rech0.dat_gr.tpl
rech0028005,rech0028005,1375.0,2875.0,grrech0,rech0.dat_gr.tpl
rech0028006,rech0028006,1625.0,2875.0,grrech0,rech0.dat_gr.tpl
rech0028007,rech0028007,1875.0,2875.0,grrech0,rech0.dat_gr.tpl
rech0028008,rech0028008,2125.0,2875.0,grrech0,rech0.dat_gr.tpl
rech0028009,rech0028009,2375.0,2875.0,grrech0,rech0.dat_gr.tpl
rech0028010,rech0028010,2625.0,2875.0,grrech0,rech0.dat_gr.tpl
rech0028011,rech0028011,2875.0,2875.0,grrech0,rech0.dat_gr.tpl
rech0028012,rech0028012,3125.0,2875.0,grrech0,rech0.dat_gr.tpl
rech0028013,rech0028013,3375.0,2875.0,grrech0,rech0.dat_gr.tpl
rech0028014,rech0028014,3625.0,2875.0,grrech0,rech0.dat_gr.tpl
rech0028015,rech0028015,3875.0,2875.0,grrech0,rech0.dat_gr.tpl
rech0028016,rech0028016,4125.0,2875.0,grrech0,rech0.dat_gr.tpl
rech0028017,rech0028017,4375.0,2875.0,grrech0,rech0.dat_gr.tpl
rech0028018,rech0028018,4625.0,2875.0,grrech0,rech0.dat_gr.tpl
rech0028019,rech0028019,4875.0,2875.0,grrech0,rech0.dat_gr.tpl
rech0029000,rech0029000,125.0,2625.0,grrech0,rech0.dat_gr.tpl
rech0029001,rech0029001,375.0,2625.0,grrech0,rech0.dat_gr.tpl
rech0029002,rech0029002,625.0,2625.0,grrech0,rech0.dat_gr.tpl
rech0029003,rech0029003,875.0,2625.0,grrech0,rech0.dat_gr.tpl
rech0029004,rech0029004,1125.0,2625.0,grrech0,rech0.dat_gr.tpl
rech0029005,rech0029005,1375.0,2625.0,grrech0,rech0.dat_gr.tpl
rech0029006,rech0029006,1625.0,2625.0,grrech0,rech0.dat_gr.tpl
rech0029007,rech0029007,1875.0,2625.0,grrech0,rech0.dat_gr.tpl
rech0029008,rech0029008,2125.0,2625.0,grrech0,rech0.dat_gr.tpl
rech0029009,rech0029009,2375.0,2625.0,grrech0,rech0.dat_gr.tpl
rech0029010,rech0029010,2625.0,2625.0,grrech0,rech0.dat_gr.tpl
rech0029011,rech0029011,2875.0,2625.0,grrech0,rech0.dat_gr.tpl
rech0029012,rech0029012,3125.0,2625.0,grrech0,rech0.dat_gr.tpl
rech0029013,rech0029013,3375.0,2625.0,grrech0,rech0.dat_gr.tpl
rech0029014,rech0029014,3625.0,2625.0,grrech0,rech0.dat_gr.tpl
rech0029015,rech0029015,3875.0,2625.0,grrech0,rech0.dat_gr.tpl
rech0029016,rech0029016,4125.0,2625.0,grrech0,rech0.dat_gr.tpl
rech0029017,rech0029017,4375.0,2625.0,grrech0,rech0.dat_gr.tpl
rech0029018,rech0029018,4625.0,2625.0,grrech0,rech0.dat_gr.tpl
rech0029019,rech0029019,4875.0,2625.0,grrech0,rech0.dat_gr.tpl
rech0030000,rech0030000,125.0,2375.0,grrech0,rech0.dat_gr.tpl
rech0030001,rech0030001,375.0,2375.0,grrech0,rech0.dat_gr.tpl
rech0030002,rech0030002,625.0,2375.0,grrech0,rech0.dat_gr.tpl
rech0030003,rech0030003,875.0,2375.0,grrech0,rech0.dat_gr.tpl
rech0030004,rech0030004,1125.0,2375.0,grrech0,rech0.dat_gr.tpl
rech0030005,rech0030005,1375.0,2375.0,grrech0,rech0.dat_gr.tpl
rech0030006,rech0030006,1625.0,2375.0,grrech0,rech0.dat_gr.tpl
rech0030007,rech0030007,1875.0,2375.0,grrech0,rech0.dat_gr.tpl
rech0030008,rech0030008,2125.0,2375.0,grrech0,rech0.dat_gr.tpl
rech0030009,rech0030009,2375.0,2375.0,grrech0,rech0.dat_gr.tpl
rech0030010,rech0030010,2625.0,2375.0,grrech0,rech0.dat_gr.tpl
rech0030011,rech0030011,2875.0,2375.0,grrech0,rech0.dat_gr.tpl
rech0030012,rech0030012,3125.0,2375.0,grrech0,rech0.dat_gr.tpl
rech0030013,rech0030013,3375.0,2375.0,grrech0,rech0.dat_gr.tpl
rech0030014,rech0030014,3625.0,2375.0,grrech0,rech0.dat_gr.tpl
rech0030015,rech0030015,3875.0,2375.0,grrech0,rech0.dat_gr.tpl
rech0030016,rech0030016,4125.0,2375.0,grrech0,rech0.dat_gr.tpl
rech0030017,rech0030017,4375.0,2375.0,grrech0,rech0.dat_gr.tpl
rech0030018,rech0030018,4625.0,2375.0,grrech0,rech0.dat_gr.tpl
rech0030019,rech0030019,4875.0,2375.0,grrech0,rech0.dat_gr.tpl
rech0031000,rech0031000,125.0,2125.0,grrech0,rech0.dat_gr.tpl
rech0031001,rech0031001,375.0,2125.0,grrech0,rech0.dat_gr.tpl
rech0031002,rech0031002,625.0,2125.0,grrech0,rech0.dat_gr.tpl
rech0031003,rech0031003,875.0,2125.0,grrech0,rech0.dat_gr.tpl
rech0031004,rech0031004,1125.0,2125.0,grrech0,rech0.dat_gr.tpl
rech0031005,rech0031005,1375.0,2125.0,grrech0,rech0.dat_gr.tpl
rech0031006,rech0031006,1625.0,2125.0,grrech0,rech0.dat_gr.tpl
rech0031007,rech0031007,1875.0,2125.0,grrech0,rech0.dat_gr.tpl
rech0031008,rech0031008,2125.0,2125.0,grrech0,rech0.dat_gr.tpl
rech0031009,rech0031009,2375.0,2125.0,grrech0,rech0.dat_gr.tpl
rech0031010,rech0031010,2625.0,2125.0,grrech0,rech0.dat_gr.tpl
rech0031011,rech0031011,2875.0,2125.0,grrech0,rech0.dat_gr.tpl
rech0031012,rech0031012,3125.0,2125.0,grrech0,rech0.dat_gr.tpl
rech0031013,rech0031013,3375.0,2125.0,grrech0,rech0.dat_gr.tpl
rech0031014,rech0031014,3625.0,2125.0,grrech0,rech0.dat_gr.tpl
rech0031015,rech0031015,3875.0,2125.0,grrech0,rech0.dat_gr.tpl
rech0031016,rech0031016,4125.0,2125.0,grrech0,rech0.dat_gr.tpl
rech0031017,rech0031017,4375.0,2125.0,grrech0,rech0.dat_gr.tpl
rech0031018,rech0031018,4625.0,2125.0,grrech0,rech0.dat_gr.tpl
rech0031019,rech0031019,4875.0,2125.0,grrech0,rech0.dat_gr.tpl
rech0032001,rech0032001,375.0,1875.0,grrech0,rech0.dat_gr.tpl
rech0032002,rech0032002,625.0,1875.0,grrech0,rech0.dat_gr.tpl
rech0032003,rech0032003,875.0,1875.0,grrech0,rech0.dat_gr.tpl
rech0032004,rech0032004,1125.0,1875.0,grrech0,rech0.dat_gr.tpl
rech0032005,rech0032005,1375.0,1875.0,grrech0,rech0.dat_gr.tpl
rech0032006,rech0032006,1625.0,1875.0,grrech0,rech0.dat_gr.tpl
rech0032007,rech0032007,1875.0,1875.0,grrech0,rech0.dat_gr.tpl
rech0032008,rech0032008,2125.0,1875.0,grrech0,rech0.dat_gr.tpl
rech0032009,rech0032009,2375.0,1875.0,grrech0,rech0.dat_gr.tpl
rech0032010,rech0032010,2625.0,1875.0,grrech0,rech0.dat_gr.tpl
rech0032011,rech0032011,2875.0,1875.0,grrech0,rech0.dat_gr.tpl
rech0032012,rech0032012,3125.0,1875.0,grrech0,rech0.dat_gr.tpl
rech0032013,rech0032013,3375.0,1875.0,grrech0,rech0.dat_gr.tpl
rech0032014,rech0032014,3625.0,1875.0,grrech0,rech0.dat_gr.tpl
rech0032015,rech0032015,3875.0,1875.0,grrech0,rech0.dat_gr.tpl
rech0032016,rech0032016,4125.0,1875.0,grrech0,rech0.dat_gr.tpl
rech0032017,rech0032017,4375.0,1875.0,grrech0,rech0.dat_gr.tpl
rech0032018,rech0032018,4625.0,1875.0,grrech0,rech0.dat_gr.tpl
rech0032019,rech0032019,4875.0,1875.0,grrech0,rech0.dat_gr.tpl
rech0033002,rech0033002,625.0,1625.0,grrech0,rech0.dat_gr.tpl
rech0033003,rech0033003,875.0,1625.0,grrech0,rech0.dat_gr.tpl
rech0033004,rech0033004,1125.0,1625.0,grrech0,rech0.dat_gr.tpl
rech0033005,rech0033005,1375.0,1625.0,grrech0,rech0.dat_gr.tpl
rech0033006,rech0033006,1625.0,1625.0,grrech0,rech0.dat_gr.tpl
rech0033007,rech0033007,1875.0,1625.0,grrech0,rech0.dat_gr.tpl
rech0033008,rech0033008,2125.0,1625.0,grrech0,rech0.dat_gr.tpl
rech0033009,rech0033009,2375.0,1625.0,grrech0,rech0.dat_gr.tpl
rech0033010,rech0033010,2625.0,1625.0,grrech0,rech0.dat_gr.tpl
rech0033011,rech0033011,2875.0,1625.0,grrech0,rech0.dat_gr.tpl
rech0033012,rech0033012,3125.0,1625.0,grrech0,rech0.dat_gr.tpl
rech0033013,rech0033013,3375.0,1625.0,grrech0,rech0.dat_gr.tpl
rech0033014,rech0033014,3625.0,1625.0,grrech0,rech0.dat_gr.tpl
rech0033015,rech0033015,3875.0,1625.0,grrech0,rech0.dat_gr.tpl
rech0033016,rech0033016,4125.0,1625.0,grrech0,rech0.dat_gr.tpl
rech0033017,rech0033017,4375.0,1625.0,grrech0,rech0.dat_gr.tpl
rech0033018,rech0033018,4625.0,1625.0,grrech0,rech0.dat_gr.tpl
rech0033019,rech0033019,4875.0,1625.0,grrech0,rech0.dat_gr.tpl
rech0034003,rech0034003,875.0,1375.0,grrech0,rech0.dat_gr.tpl
rech0034004,rech0034004,1125.0,1375.0,grrech0,rech0.dat_gr.tpl
rech0034005,rech0034005,1375.0,1375.0,grrech0,rech0.dat_gr.tpl
rech0034006,rech0034006,1625.0,1375.0,grrech0,rech0.dat_gr.tpl
rech0034007,rech0034007,1875.0,1375.0,grrech0,rech0.dat_gr.tpl
rech0034008,rech0034008,2125.0,1375.0,grrech0,rech0.dat_gr.tpl
rech0034009,rech0034009,2375.0,1375.0,grrech0,rech0.dat_gr.tpl
rech0034010,rech0034010,2625.0,1375.0,grrech0,rech0.dat_gr.tpl
rech0034011,rech0034011,2875.0,1375.0,grrech0,rech0.dat_gr.tpl
rech0034012,rech0034012,3125.0,1375.0,grrech0,rech0.dat_gr.tpl
rech0034013,rech0034013,3375.0,1375.0,grrech0,rech0.dat_gr.tpl
rech0034014,rech0034014,3625.0,1375.0,grrech0,rech0.dat_gr.tpl
rech0034015,rech0034015,3875.0,1375.0,grrech0,rech0.dat_gr.tpl
rech0034016,rech0034016,4125.0,1375.0,grrech0,rech0.dat_gr.tpl
rech0034017,rech0034017,4375.0,1375.0,grrech0,rech0.dat_gr.tpl
rech0034018,rech0034018,4625.0,1375.0,grrech0,rech0.dat_gr.tpl
rech0034019,rech0034019,4875.0,1375.0,grrech0,rech0.dat_gr.tpl
rech0035004,rech0035004,1125.0,1125.0,grrech0,rech0.dat_gr.tpl
rech0035005,rech0035005,1375.0,1125.0,grrech0,rech0.dat_gr.tpl
rech0035006,rech0035006,1625.0,1125.0,grrech0,rech0.dat_gr.tpl
rech0035007,rech0035007,1875.0,1125.0,grrech0,rech0.dat_gr.tpl
rech0035008,rech0035008,2125.0,1125.0,grrech0,rech0.dat_gr.tpl
rech0035009,rech0035009,2375.0,1125.0,grrech0,rech0.dat_gr.tpl
rech0035010,rech0035010,2625.0,1125.0,grrech0,rech0.dat_gr.tpl
rech0035011,rech0035011,2875.0,1125.0,grrech0,rech0.dat_gr.tpl
rech0035012,rech0035012,3125.0,1125.0,grrech0,rech0.dat_gr.tpl
rech0035013,rech0035013,3375.0,1125.0,grrech0,rech0.dat_gr.tpl
rech0035014,rech0035014,3625.0,1125.0,grrech0,rech0.dat_gr.tpl
rech0035015,rech0035015,3875.0,1125.0,grrech0,rech0.dat_gr.tpl
rech0035016,rech0035016,4125.0,1125.0,grrech0,rech0.dat_gr.tpl
rech0035017,rech0035017,4375.0,1125.0,grrech0,rech0.dat_gr.tpl
rech0035018,rech0035018,4625.0,1125.0,grrech0,rech0.dat_gr.tpl
rech0036004,rech0036004,1125.0,875.0,grrech0,rech0.dat_gr.tpl
rech0036005,rech0036005,1375.0,875.0,grrech0,rech0.dat_gr.tpl
rech0036006,rech0036006,1625.0,875.0,grrech0,rech0.dat_gr.tpl
rech0036007,rech0036007,1875.0,875.0,grrech0,rech0.dat_gr.tpl
rech0036008,rech0036008,2125.0,875.0,grrech0,rech0.dat_gr.tpl
rech0036009,rech0036009,2375.0,875.0,grrech0,rech0.dat_gr.tpl
rech0036010,rech0036010,2625.0,875.0,grrech0,rech0.dat_gr.tpl
rech0036011,rech0036011,2875.0,875.0,grrech0,rech0.dat_gr.tpl
rech0036012,rech0036012,3125.0,875.0,grrech0,rech0.dat_gr.tpl
rech0036013,rech0036013,3375.0,875.0,grrech0,rech0.dat_gr.tpl
rech0036014,rech0036014,3625.0,875.0,grrech0,rech0.dat_gr.tpl
rech0036015,rech0036015,3875.0,875.0,grrech0,rech0.dat_gr.tpl
rech0036016,rech0036016,4125.0,875.0,grrech0,rech0.dat_gr.tpl
rech0036017,rech0036017,4375.0,875.0,grrech0,rech0.dat_gr.tpl
rech0036018,rech0036018,4625.0,875.0,grrech0,rech0.dat_gr.tpl
rech0037005,rech0037005,1375.0,625.0,grrech0,rech0.dat_gr.tpl
rech0037006,rech0037006,1625.0,625.0,grrech0,rech0.dat_gr.tpl
rech0037007,rech0037007,1875.0,625.0,grrech0,rech0.dat_gr.tpl
rech0037008,rech0037008,2125.0,625.0,grrech0,rech0.dat_gr.tpl
rech0037009,rech0037009,2375.0,625.0,grrech0,rech0.dat_gr.tpl
rech0037010,rech0037010,2625.0,625.0,grrech0,rech0.dat_gr.tpl
rech0037011,rech0037011,2875.0,625.0,grrech0,rech0.dat_gr.tpl
rech0037012,rech0037012,3125.0,625.0,grrech0,rech0.dat_gr.tpl
rech0037013,rech0037013,3375.0,625.0,grrech0,rech0.dat_gr.tpl
rech0037014,rech0037014,3625.0,625.0,grrech0,rech0.dat_gr.tpl
rech0037015,rech0037015,3875.0,625.0,grrech0,rech0.dat_gr.tpl
rech0037016,rech0037016,4125.0,625.0,grrech0,rech0.dat_gr.tpl
rech0037017,rech0037017,4375.0,625.0,grrech0,rech0.dat_gr.tpl
rech0038005,rech0038005,1375.0,375.0,grrech0,rech0.dat_gr.tpl
rech0038006,rech0038006,1625.0,375.0,grrech0,rech0.dat_gr.tpl
rech0038007,rech0038007,1875.0,375.0,grrech0,rech0.dat_gr.tpl
rech0038008,rech0038008,2125.0,375.0,grrech0,rech0.dat_gr.tpl
rech0038009,rech0038009,2375.0,375.0,grrech0,rech0.dat_gr.tpl
rech0038010,rech0038010,2625.0,375.0,grrech0,rech0.dat_gr.tpl
rech0038011,rech0038011,2875.0,375.0,grrech0,rech0.dat_gr.tpl
rech0038012,rech0038012,3125.0,375.0,grrech0,rech0.dat_gr.tpl
rech0038013,rech0038013,3375.0,375.0,grrech0,rech0.dat_gr.tpl
rech0038014,rech0038014,3625.0,375.0,grrech0,rech0.dat_gr.tpl
rech0038015,rech0038015,3875.0,375.0,grrech0,rech0.dat_gr.tpl
rech0038016,rech0038016,4125.0,375.0,grrech0,rech0.dat_gr.tpl
